-0.33991,0.086741,0.083256
-0.33938,0.085297,0.083381
-0.33927,0.085049,0.083265
-0.33914,0.084652,0.083085
-0.33892,0.08449,0.083741
-0.33891,0.08484,0.083411
-0.32429,0.083458,0.085261
-0.32436,0.084108,0.08533
-0.32432,0.083335,0.085311
-0.32436,0.08338,0.085094
-0.32449,0.084101,0.085227
-0.32454,0.084339,0.085024
-0.32448,0.084438,0.085869
-0.32456,0.083981,0.085317
-0.32466,0.084509,0.085436
-0.32466,0.084321,0.085489
-0.32458,0.083671,0.08542
-0.3246,0.083865,0.085434
-0.32467,0.084516,0.085503
-0.32458,0.083671,0.08542
-0.33888,0.083537,0.082691
-0.33898,0.084422,0.082776
-0.33898,0.084422,0.082776
-0.33892,0.083624,0.082687
-0.33902,0.084509,0.082772
-0.33901,0.084313,0.082847
-0.33903,0.084517,0.082861
-0.33899,0.084108,0.082834
-0.33899,0.084108,0.082834
-0.33888,0.084136,0.083658
-0.33901,0.084313,0.082847
-0.33903,0.084517,0.082861
-0.33896,0.08366,0.08308
-0.33905,0.084547,0.083165
-0.33903,0.084517,0.082861
-0.33894,0.083632,0.082775
-0.33903,0.084517,0.082861
-0.33899,0.084108,0.082834
-0.339,0.084099,0.082494
-0.33907,0.084231,0.083223
-0.33909,0.084613,0.082945
-0.33901,0.083953,0.08309
-0.33909,0.084613,0.082945
-0.33909,0.084613,0.082945
-0.33907,0.084604,0.082857
-0.3391,0.084642,0.08325
-0.33909,0.084613,0.082945
-0.33913,0.0847,0.082942
-0.33909,0.084613,0.082945
-0.33918,0.084795,0.083026
-0.33918,0.084795,0.083026
-0.3392,0.084825,0.083331
-0.3392,0.084804,0.083115
-0.33918,0.084795,0.083026
-0.3392,0.084825,0.083331
-0.33918,0.084795,0.083026
-0.33918,0.084795,0.083026
-0.33918,0.084795,0.083026
-0.33909,0.083909,0.082942
-0.33918,0.084795,0.083026
-0.33913,0.08432,0.082967
-0.33918,0.084795,0.083026
-0.33918,0.084795,0.083026
-0.33918,0.084795,0.083026
-0.33918,0.084795,0.083026
-0.3392,0.084825,0.083331
-0.33918,0.084795,0.083026
-0.3392,0.084825,0.083331
-0.33918,0.084795,0.083026
-0.33918,0.084795,0.083026
-0.33918,0.084795,0.083026
-0.33918,0.084795,0.083026
-0.33918,0.084795,0.083026
-0.33918,0.084795,0.083026
-0.33918,0.084795,0.083026
-0.33918,0.084795,0.083026
-0.33914,0.084385,0.083
-0.33923,0.085271,0.083086
-0.3392,0.085001,0.083039
-0.3392,0.084825,0.083331
-0.33918,0.084795,0.083026
-0.33918,0.084795,0.083026
-0.3392,0.085001,0.083039
-0.3392,0.085001,0.083039
-0.33925,0.085097,0.083124
-0.33927,0.085105,0.083212
-0.33931,0.085193,0.083208
-0.33935,0.08528,0.083204
-0.33936,0.085289,0.083293
-0.33936,0.085289,0.083293
-0.33936,0.085289,0.083293
-0.33936,0.085289,0.083293
-0.33936,0.085289,0.083293
-0.33935,0.085259,0.082988
-0.33936,0.085289,0.083293
-0.33936,0.085289,0.083293
-0.33936,0.085289,0.083293
-0.33934,0.085083,0.08328
-0.33936,0.085289,0.083293
-0.33936,0.085289,0.083293
-0.33936,0.085289,0.083293
-0.33936,0.085289,0.083293
-0.33938,0.085318,0.083598
-0.33936,0.085289,0.083293
-0.33932,0.084877,0.083268
-0.33936,0.085289,0.083293
-0.33931,0.084813,0.083233
-0.33936,0.085289,0.083293
-0.33936,0.085289,0.083293
-0.33943,0.085414,0.083682
-0.33943,0.085591,0.083389
-0.33942,0.085385,0.083377
-0.33942,0.085385,0.083377
-0.33942,0.085385,0.083377
-0.33942,0.085385,0.083377
-0.33942,0.085385,0.083377
-0.33942,0.085385,0.083377
-0.33942,0.085385,0.083377
-0.33942,0.085385,0.083377
-0.33947,0.085481,0.083462
-0.33949,0.08549,0.08355
-0.33947,0.085461,0.083245
-0.33947,0.085481,0.083462
-0.33951,0.085548,0.083241
-0.33952,0.085578,0.083546
-0.33952,0.085578,0.083546
-0.33952,0.085578,0.083546
-0.33954,0.085784,0.083558
-0.33952,0.085578,0.083546
-0.33952,0.085578,0.083546
-0.33952,0.085578,0.083546
-0.33952,0.085578,0.083546
-0.33952,0.085578,0.083546
-0.33952,0.085578,0.083546
-0.33952,0.085578,0.083546
-0.33952,0.085578,0.083546
-0.33952,0.085578,0.083546
-0.33952,0.085578,0.083546
-0.33952,0.085578,0.083546
-0.33952,0.085578,0.083546
-0.33952,0.085578,0.083546
-0.33952,0.085578,0.083546
-0.33943,0.08469,0.083463
-0.33952,0.085578,0.083546
-0.33952,0.085578,0.083546
-0.33952,0.085578,0.083546
-0.33952,0.085578,0.083546
-0.33951,0.085548,0.083241
-0.33952,0.085578,0.083546
-0.33952,0.085578,0.083546
-0.33947,0.085102,0.083487
-0.33952,0.085578,0.083546
-0.33952,0.085578,0.083546
-0.33952,0.085578,0.083546
-0.33952,0.085578,0.083546
-0.33958,0.085675,0.083631
-0.33958,0.085675,0.083631
-0.33958,0.085675,0.083631
-0.33958,0.085675,0.083631
-0.33958,0.085675,0.083631
-0.33956,0.085645,0.083325
-0.33958,0.085675,0.083631
-0.33958,0.085675,0.083631
-0.33958,0.085675,0.083631
-0.33961,0.085565,0.083704
-0.33963,0.085771,0.083715
-0.33963,0.085771,0.083715
-0.33964,0.085801,0.084021
-0.33963,0.085771,0.083715
-0.33968,0.085868,0.0838
-0.33968,0.085868,0.0838
-0.33968,0.085868,0.0838
-0.33977,0.086432,0.083856
-0.33973,0.085965,0.083884
-0.33973,0.085965,0.083884
-0.33973,0.085965,0.083884
-0.33973,0.085965,0.083884
-0.33973,0.085965,0.083884
-0.33973,0.085965,0.083884
-0.3398,0.086648,0.083956
-0.33973,0.085965,0.083884
-0.33975,0.086172,0.083896
-0.33973,0.085965,0.083884
-0.33975,0.086172,0.083896
-0.33975,0.086172,0.083896
-0.33975,0.086172,0.083896
-0.33973,0.085965,0.083884
-0.33975,0.086172,0.083896
-0.33973,0.085965,0.083884
-0.33973,0.085965,0.083884
-0.33975,0.086172,0.083896
-0.33975,0.086172,0.083896
-0.33975,0.086172,0.083896
-0.33975,0.086172,0.083896
-0.33975,0.086172,0.083896
-0.33975,0.086172,0.083896
-0.33975,0.086172,0.083896
-0.33975,0.086172,0.083896
-0.33975,0.086172,0.083896
-0.33975,0.086172,0.083896
-0.33975,0.086172,0.083896
-0.33974,0.086142,0.08359
-0.33975,0.086172,0.083896
-0.33975,0.086172,0.083896
-0.33975,0.085995,0.08419
-0.3398,0.086648,0.083956
-0.33975,0.086172,0.083896
-0.33977,0.086379,0.083907
-0.33975,0.086172,0.083896
-0.33975,0.086172,0.083896
-0.33975,0.086172,0.083896
-0.33973,0.085965,0.083884
-0.33975,0.086172,0.083896
-0.33975,0.086172,0.083896
-0.33975,0.086172,0.083896
-0.33975,0.086172,0.083896
-0.33977,0.086379,0.083907
-0.33975,0.086172,0.083896
-0.33975,0.086172,0.083896
-0.33975,0.086172,0.083896
-0.33975,0.086172,0.083896
-0.33975,0.086172,0.083896
-0.33974,0.086142,0.08359
-0.33975,0.086172,0.083896
-0.33975,0.086172,0.083896
-0.33975,0.086172,0.083896
-0.33975,0.086172,0.083896
-0.33979,0.08626,0.083892
-0.33977,0.086181,0.083984
-0.33975,0.086172,0.083896
-0.3398,0.086269,0.08398
-0.33979,0.08624,0.083674
-0.33982,0.086476,0.083991
-0.33982,0.086476,0.083991
-0.33982,0.086476,0.083991
-0.33982,0.086476,0.083991
-0.33982,0.086476,0.083991
-0.33982,0.086476,0.083991
-0.33982,0.086476,0.083991
-0.33982,0.086476,0.083991
-0.33982,0.086476,0.083991
-0.33977,0.086001,0.083931
-0.33982,0.086476,0.083991
-0.33982,0.086476,0.083991
-0.33984,0.086486,0.08408
-0.33987,0.086574,0.084075
-0.33987,0.086574,0.084075
-0.33987,0.086574,0.084075
-0.33991,0.086843,0.084126
-0.33989,0.086604,0.084381
-0.33989,0.086781,0.084086
-0.33987,0.086574,0.084075
-0.33991,0.086988,0.084096
-0.33975,0.086818,0.083589
-0.33987,0.086574,0.084075
-0.33989,0.086781,0.084086
-0.3399,0.086812,0.084392
-0.33989,0.086781,0.084086
-0.33989,0.086781,0.084086
-0.33989,0.086781,0.084086
-0.33989,0.086781,0.084086
-0.3255,0.086391,0.086523
-0.32541,0.085542,0.086442
-0.32549,0.086384,0.086456
-0.32549,0.086384,0.086456
-0.3255,0.086391,0.086523
-0.3255,0.086391,0.086523
-0.32554,0.086458,0.086521
-0.32554,0.086458,0.086521
-0.32554,0.086458,0.086521
-0.32554,0.086458,0.086521
-0.32555,0.086465,0.086587
-0.32555,0.086465,0.086587
-0.32554,0.086458,0.086521
-0.32554,0.086458,0.086521
-0.32554,0.086458,0.086521
-0.32565,0.086613,0.086716
-0.32565,0.086613,0.086716
-0.32552,0.086642,0.0875
-0.32565,0.086613,0.086716
-0.32565,0.086642,0.087
-0.32551,0.086613,0.087216
-0.32565,0.086613,0.086716
-0.32565,0.086642,0.087
-0.3256,0.086185,0.086943
-0.32567,0.086649,0.087067
-0.32566,0.08662,0.086783
-0.3255,0.086424,0.087271
-0.32558,0.08596,0.086647
-0.32563,0.086417,0.086704
-0.32563,0.086417,0.086704
-0.32564,0.086445,0.086988
-0.32563,0.086417,0.086704
-0.32563,0.086417,0.086704
-0.32565,0.086642,0.087
-0.32552,0.086642,0.0875
-0.32563,0.086417,0.086704
-0.32564,0.086445,0.086988
-0.32548,0.08641,0.087137
-0.3256,0.086539,0.086652
-0.32556,0.086146,0.086628
-0.32558,0.086342,0.08664
-0.32542,0.086303,0.087426
-0.32551,0.086072,0.086564
-0.32555,0.086465,0.086587
-0.32553,0.086268,0.086576
-0.32556,0.086493,0.086871
-0.32549,0.085876,0.086551
-0.32554,0.086275,0.086642
-0.32553,0.086268,0.086576
-0.32549,0.085819,0.086585
-0.32523,0.084415,0.086042
-0.32507,0.085028,0.085991
-0.32486,0.085281,0.085388
-0.32465,0.084441,0.085408
-0.32435,0.084403,0.085078
-0.32394,0.083509,0.084503
-0.3378,0.082351,0.08095
-0.33765,0.082159,0.080693
-0.33788,0.081804,0.080559
-0.33802,0.081825,0.081103
-0.338,0.081093,0.080795
-0.33816,0.081893,0.081254
-0.33812,0.082698,0.081354
-0.33812,0.082698,0.081354
-0.32394,0.083189,0.084472
-0.32401,0.083265,0.084603
-0.32423,0.082911,0.084666
-0.33849,0.083268,0.081949
-0.33862,0.083867,0.082395
-0.33863,0.083339,0.082101
-0.33875,0.084239,0.082363
-0.33875,0.083917,0.082332
-0.33887,0.084477,0.082135
-0.33896,0.08461,0.082613
-0.33895,0.084581,0.082308
-0.33902,0.084705,0.082697
-0.33907,0.084801,0.082782
-0.33907,0.084801,0.082782
-0.33909,0.085006,0.082794
-0.33913,0.084896,0.082866
-0.33911,0.084691,0.082853
-0.33915,0.084905,0.082955
-0.33918,0.084992,0.082951
-0.33924,0.085088,0.083035
-0.33924,0.085088,0.083035
-0.33925,0.085117,0.08334
-0.33935,0.085857,0.083104
-0.33924,0.085088,0.083035
-0.33936,0.085865,0.083192
-0.33929,0.085184,0.08312
-0.33936,0.085865,0.083192
-0.32505,0.085398,0.085849
-0.32503,0.085203,0.085836
-0.32503,0.085203,0.085836
-0.32505,0.085398,0.085849
-0.32505,0.085398,0.085849
-0.32505,0.085398,0.085849
-0.32504,0.08521,0.085903
-0.32508,0.085443,0.085631
-0.32515,0.085544,0.085978
-0.32516,0.085739,0.085991
-0.32564,0.087513,0.086891
-0.32566,0.087553,0.086605
-0.32559,0.088146,0.086954
-0.3255,0.088221,0.087518
-0.32568,0.088296,0.087083
-0.32569,0.088303,0.08715
-0.32572,0.088343,0.086863
-0.32586,0.088207,0.087172
-0.32574,0.088568,0.087159
-0.32597,0.089097,0.086965
-0.32579,0.089139,0.086973
-0.32588,0.09002,0.087337
-0.32588,0.09002,0.087337
-0.32594,0.090294,0.087411
-0.32586,0.09056,0.087918
-0.32599,0.090538,0.0872
-0.32577,0.090671,0.087506
-0.32587,0.090253,0.086769
-0.32591,0.090679,0.087073
-0.32582,0.091136,0.087633
-0.32596,0.091136,0.087133
-0.32608,0.091071,0.087324
-0.32596,0.091304,0.086858
-0.32602,0.09141,0.087207
-0.32602,0.09141,0.087207
-0.32599,0.090634,0.087191
-0.32599,0.090634,0.087191
-0.3261,0.091564,0.087334
-0.32605,0.090909,0.087264
-0.32607,0.091137,0.087031
-0.32613,0.091602,0.087046
-0.32613,0.091434,0.087322
-0.32614,0.091633,0.087331
-0.32608,0.090977,0.087261
-0.32612,0.091404,0.087037
-0.32608,0.090955,0.087043
-0.32614,0.09161,0.087113
-0.32609,0.090985,0.087328
-0.32613,0.091412,0.087104
-0.32614,0.091442,0.087389
-0.3261,0.091153,0.087052
-0.32609,0.090985,0.087328
-0.32597,0.090826,0.087531
-0.32612,0.090863,0.087383
-0.32618,0.091709,0.087395
-0.32616,0.091839,0.087407
-0.32599,0.091054,0.087825
-0.32608,0.090787,0.087319
-0.32594,0.090787,0.087819
-0.32609,0.090985,0.087328
-0.32607,0.090757,0.087034
-0.32594,0.090787,0.087819
-0.3261,0.091184,0.087337
-0.32609,0.090985,0.087328
-0.32601,0.09161,0.087613
-0.32609,0.090985,0.087328
-0.32608,0.090955,0.087043
-0.32609,0.090985,0.087328
-0.32609,0.090985,0.087328
-0.3261,0.091153,0.087052
-0.32596,0.090985,0.087828
-0.32609,0.090985,0.087328
-0.3261,0.090993,0.087395
-0.32599,0.091032,0.087607
-0.32608,0.090575,0.087046
-0.32609,0.090606,0.087331
-0.32605,0.090559,0.087025
-0.32609,0.090985,0.087328
-0.32617,0.089839,0.087258
-0.32616,0.089808,0.086973
-0.32609,0.090985,0.087328
-0.32613,0.089412,0.086954
-0.32619,0.090067,0.087024
-0.32602,0.090132,0.087249
-0.3262,0.090096,0.087309
-0.32615,0.08964,0.087249
-0.32617,0.089839,0.087258
-0.32613,0.089412,0.086954
-0.32615,0.08964,0.087249
-0.32609,0.089365,0.087175
-0.32615,0.08999,0.08696
-0.32611,0.089753,0.087238
-0.32609,0.089716,0.086887
-0.32598,0.088986,0.086753
-0.326,0.089213,0.087047
-0.32598,0.088986,0.086753
-0.32599,0.089015,0.087038
-0.32601,0.089245,0.086802
-0.32597,0.088817,0.087027
-0.32581,0.089082,0.086733
-0.32596,0.088619,0.087017
-0.32599,0.088666,0.086797
-0.326,0.088694,0.087081
-0.326,0.088694,0.087081
-0.326,0.088694,0.087081
-0.32602,0.088893,0.087092
-0.32586,0.089158,0.086797
-0.326,0.088694,0.087081
-0.326,0.088694,0.087081
-0.326,0.088673,0.086863
-0.32604,0.089098,0.087169
-0.326,0.088694,0.087081
-0.32601,0.088702,0.087148
-0.32597,0.088626,0.087084
-0.32588,0.089193,0.087149
-0.32599,0.088666,0.086797
-0.32613,0.08866,0.087558
-0.32594,0.0884,0.086789
-0.32594,0.088421,0.087007
-0.32589,0.087964,0.086948
-0.32604,0.088318,0.087485
-0.32603,0.08848,0.087144
-0.32597,0.088044,0.08741
-0.326,0.088411,0.087147
-0.326,0.088433,0.087365
-0.32598,0.088181,0.087383
-0.32601,0.08844,0.087431
-0.326,0.088411,0.087147
-0.32606,0.088706,0.087439
-0.32601,0.08844,0.087431
-0.32603,0.08848,0.087144
-0.32601,0.08844,0.087431
-0.326,0.088411,0.087147
-0.32599,0.088404,0.08708
-0.32598,0.088562,0.087378
-0.32596,0.088386,0.087585
-0.32592,0.088289,0.087303
-0.32587,0.087866,0.086996
-0.32583,0.087599,0.086882
-0.32582,0.08743,0.087156
-0.32579,0.087553,0.087103
-0.32579,0.087553,0.087103
-0.32574,0.087288,0.087094
-0.32575,0.087478,0.087038
-0.32574,0.087288,0.087094
-0.32573,0.08728,0.087027
-0.32576,0.087485,0.087105
-0.32576,0.087485,0.087105
-0.32587,0.086796,0.087094
-0.32594,0.08745,0.087163
-0.32588,0.086986,0.087038
-0.32588,0.086986,0.087038
-0.32587,0.086958,0.086753
-0.32588,0.086986,0.087038
-0.32587,0.086958,0.086753
-0.32587,0.086796,0.087094
-0.32586,0.086768,0.086809
-0.32589,0.086994,0.087105
-0.32587,0.086796,0.087094
-0.32596,0.087647,0.087174
-0.32589,0.086994,0.087105
-0.32589,0.086994,0.087105
-0.32588,0.086986,0.087038
-0.32591,0.087191,0.087115
-0.32589,0.086994,0.087105
-0.32586,0.086789,0.087027
-0.32584,0.086919,0.08704
-0.32583,0.086912,0.086973
-0.32579,0.086816,0.086692
-0.32579,0.086837,0.086909
-0.32577,0.08664,0.086898
-0.32577,0.08664,0.086898
-0.32573,0.086572,0.0869
-0.32574,0.086762,0.086845
-0.32575,0.086769,0.086912
-0.32577,0.086966,0.086923
-0.32575,0.086769,0.086912
-0.32561,0.086776,0.086151
-0.32573,0.086572,0.0869
-0.32573,0.086572,0.0869
-0.32571,0.086537,0.086549
-0.32572,0.086565,0.086833
-0.32569,0.086498,0.086836
-0.32569,0.086688,0.08678
-0.32564,0.086424,0.086771
-0.32563,0.086417,0.086704
-0.32563,0.086417,0.086704
-0.32563,0.086417,0.086704
-0.32564,0.086424,0.086771
-0.32564,0.086424,0.086771
-0.32565,0.086613,0.086716
-0.32549,0.086262,0.086284
-0.32563,0.086417,0.086704
-0.32563,0.086417,0.086704
-0.32563,0.086417,0.086704
-0.32562,0.086389,0.08642
-0.32562,0.086389,0.08642
-0.32563,0.086417,0.086704
-0.32561,0.08622,0.086693
-0.32563,0.086417,0.086704
-0.32563,0.086417,0.086704
-0.32565,0.086613,0.086716
-0.32563,0.086799,0.086697
-0.32558,0.086342,0.08664
-0.32558,0.086342,0.08664
-0.32557,0.086314,0.086356
-0.32558,0.086342,0.08664
-0.32558,0.086342,0.08664
-0.32558,0.086342,0.08664
-0.32558,0.086342,0.08664
-0.32558,0.086342,0.08664
-0.32558,0.086342,0.08664
-0.32558,0.086342,0.08664
-0.3255,0.086044,0.08628
-0.32553,0.086268,0.086576
-0.32548,0.086194,0.086511
-0.32548,0.086194,0.086511
-0.32548,0.086194,0.086511
-0.32548,0.086194,0.086511
-0.3254,0.086686,0.086093
-0.32548,0.086194,0.086511
-0.32548,0.086194,0.086511
-0.32547,0.086166,0.086227
-0.32548,0.086194,0.086511
-0.32547,0.086166,0.086227
-0.32548,0.086194,0.086511
-0.32548,0.086194,0.086511
-0.32543,0.086121,0.086447
-0.32543,0.086121,0.086447
-0.32543,0.086121,0.086447
-0.32543,0.086121,0.086447
-0.32543,0.086121,0.086447
-0.3254,0.086075,0.086666
-0.32539,0.086047,0.086382
-0.32539,0.086047,0.086382
-0.32539,0.086047,0.086382
-0.32539,0.086047,0.086382
-0.32539,0.086047,0.086382
-0.32539,0.086047,0.086382
-0.32532,0.085394,0.086313
-0.32539,0.086047,0.086382
-0.32545,0.086699,0.086451
-0.32539,0.086047,0.086382
-0.32539,0.086047,0.086382
-0.32539,0.086047,0.086382
-0.32539,0.086047,0.086382
-0.32538,0.086207,0.086044
-0.32534,0.085973,0.086318
-0.32532,0.085777,0.086305
-0.32534,0.085973,0.086318
-0.3252,0.085973,0.086817
-0.32534,0.085973,0.086318
-0.32534,0.085973,0.086318
-0.3253,0.085582,0.086293
-0.32534,0.085973,0.086318
-0.32534,0.085973,0.086318
-0.3253,0.085582,0.086293
-0.32534,0.085973,0.086318
-0.32534,0.085973,0.086318
-0.32534,0.085973,0.086318
-0.32528,0.085517,0.086261
-0.32534,0.085973,0.086318
-0.32519,0.085813,0.08583
-0.32534,0.085973,0.086318
-0.32534,0.085973,0.086318
-0.32534,0.085973,0.086318
-0.32534,0.085973,0.086318
-0.32534,0.085973,0.086318
-0.32532,0.085945,0.086034
-0.32532,0.085966,0.086251
-0.32534,0.085973,0.086318
-0.3253,0.085582,0.086293
-0.32534,0.085973,0.086318
-0.32534,0.085973,0.086318
-0.32534,0.085973,0.086318
-0.32532,0.085945,0.086034
-0.32532,0.085966,0.086251
-0.32534,0.085973,0.086318
-0.32532,0.085966,0.086251
-0.32534,0.086162,0.086263
-0.32532,0.085966,0.086251
-0.32528,0.085872,0.08597
-0.32529,0.0859,0.086253
-0.32529,0.0859,0.086253
-0.32529,0.0859,0.086253
-0.32532,0.085966,0.086251
-0.32529,0.0859,0.086253
-0.32528,0.085872,0.08597
-0.32528,0.085872,0.08597
-0.32529,0.0859,0.086253
-0.32529,0.0859,0.086253
-0.3253,0.085928,0.086537
-0.32529,0.0859,0.086253
-0.32528,0.085893,0.086187
-0.32528,0.085893,0.086187
-0.32528,0.085893,0.086187
-0.32529,0.0859,0.086253
-0.32534,0.086356,0.08631
-0.32529,0.0859,0.086253
-0.32529,0.0859,0.086253
-0.32529,0.0859,0.086253
-0.32534,0.086356,0.08631
-0.32528,0.085872,0.08597
-0.32529,0.0859,0.086253
-0.32529,0.0859,0.086253
-0.32528,0.085893,0.086187
-0.32528,0.085893,0.086187
-0.32528,0.085893,0.086187
-0.32526,0.085865,0.085903
-0.32528,0.085893,0.086187
-0.32524,0.085826,0.086189
-0.32528,0.085893,0.086187
-0.32524,0.085826,0.086189
-0.32524,0.085826,0.086189
-0.32524,0.085826,0.086189
-0.32524,0.085826,0.086189
-0.32524,0.085826,0.086189
-0.32524,0.085826,0.086189
-0.32524,0.085826,0.086189
-0.32523,0.085798,0.085905
-0.32524,0.085826,0.086189
-0.32524,0.085826,0.086189
-0.32524,0.085826,0.086189
-0.32524,0.085826,0.086189
-0.32524,0.085826,0.086189
-0.32524,0.085826,0.086189
-0.32524,0.085826,0.086189
-0.32523,0.085798,0.085905
-0.32524,0.085826,0.086189
-0.32529,0.086283,0.086245
-0.32523,0.085798,0.085905
-0.32524,0.085826,0.086189
-0.32524,0.085826,0.086189
-0.32526,0.086022,0.086201
-0.32524,0.085826,0.086189
-0.32524,0.085826,0.086189
-0.32524,0.085826,0.086189
-0.32524,0.085826,0.086189
-0.32529,0.086283,0.086245
-0.32526,0.086022,0.086201
-0.32524,0.085826,0.086189
-0.32524,0.085826,0.086189
-0.32522,0.085631,0.086176
-0.32529,0.086283,0.086245
-0.32524,0.085826,0.086189
-0.32525,0.085854,0.086472
-0.32524,0.085826,0.086189
-0.32524,0.085826,0.086189
-0.32524,0.085826,0.086189
-0.32524,0.085826,0.086189
-0.32524,0.085826,0.086189
-0.32524,0.085826,0.086189
-0.32524,0.085826,0.086189
-0.32515,0.084979,0.086107
-0.32524,0.085826,0.086189
-0.32524,0.085826,0.086189
-0.32511,0.085862,0.085713
-0.32519,0.085408,0.08588
-0.32524,0.085826,0.086189
-0.32524,0.085826,0.086189
-0.32524,0.085826,0.086189
-0.32523,0.085798,0.085905
-0.32524,0.085826,0.086189
-0.32515,0.084979,0.086107
-0.32524,0.085826,0.086189
-0.32524,0.085826,0.086189
-0.32524,0.085826,0.086189
-0.32524,0.085826,0.086189
-0.32526,0.086022,0.086201
-0.32523,0.085819,0.086122
-0.32524,0.085826,0.086189
-0.32524,0.085826,0.086189
-0.32524,0.085826,0.086189
-0.32524,0.085826,0.086189
-0.32523,0.085819,0.086122
-0.32524,0.085826,0.086189
-0.32522,0.085631,0.086176
-0.32524,0.085826,0.086189
-0.32524,0.085826,0.086189
-0.32529,0.086304,0.086462
-0.32524,0.085826,0.086189
-0.32511,0.085862,0.085713
-0.32524,0.085826,0.086189
-0.32524,0.085826,0.086189
-0.32523,0.085819,0.086122
-0.32523,0.085819,0.086122
-0.32523,0.085819,0.086122
-0.32523,0.085819,0.086122
-0.32523,0.085819,0.086122
-0.32523,0.085819,0.086122
-0.32524,0.085826,0.086189
-0.32524,0.085826,0.086189
-0.32524,0.085847,0.086405
-0.32523,0.085819,0.086122
-0.32524,0.085847,0.086405
-0.32523,0.085819,0.086122
-0.32521,0.085791,0.085839
-0.32523,0.085819,0.086122
-0.32519,0.085428,0.086097
-0.32523,0.085819,0.086122
-0.32523,0.085819,0.086122
-0.32523,0.085819,0.086122
-0.32523,0.085819,0.086122
-0.32521,0.085624,0.08611
-0.32523,0.085819,0.086122
-0.32523,0.085819,0.086122
-0.32523,0.085819,0.086122
-0.32523,0.085819,0.086122
-0.32523,0.085819,0.086122
-0.32523,0.085819,0.086122
-0.32523,0.085819,0.086122
-0.32523,0.085819,0.086122
-0.32523,0.085819,0.086122
-0.32521,0.085791,0.085839
-0.32523,0.085819,0.086122
-0.32523,0.085819,0.086122
-0.32523,0.085819,0.086122
-0.32525,0.086015,0.086134
-0.32523,0.085819,0.086122
-0.32524,0.085826,0.086189
-0.32523,0.085819,0.086122
-0.32523,0.085819,0.086122
-0.32521,0.085791,0.085839
-0.32524,0.085847,0.086405
-0.32523,0.085819,0.086122
-0.32523,0.085819,0.086122
-0.32523,0.085819,0.086122
-0.32526,0.086022,0.086201
-0.32523,0.085819,0.086122
-0.32524,0.085826,0.086189
-0.32523,0.085819,0.086122
-0.32523,0.085819,0.086122
-0.32524,0.085826,0.086189
-0.32525,0.086015,0.086134
-0.32523,0.085819,0.086122
-0.32524,0.085826,0.086189
-0.32522,0.085631,0.086176
-0.32519,0.08537,0.086132
-0.32524,0.085826,0.086189
-0.32523,0.085819,0.086122
-0.32524,0.085826,0.086189
-0.32515,0.084979,0.086107
-0.32515,0.084979,0.086107
-0.32524,0.085826,0.086189
-0.32523,0.085819,0.086122
-0.32523,0.085819,0.086122
-0.32523,0.085819,0.086122
-0.32524,0.085847,0.086405
-0.32523,0.085819,0.086122
-0.32523,0.085819,0.086122
-0.32523,0.085819,0.086122
-0.32523,0.085819,0.086122
-0.32523,0.085819,0.086122
-0.32523,0.085819,0.086122
-0.32523,0.085819,0.086122
-0.32515,0.085,0.086324
-0.32523,0.085819,0.086122
-0.32523,0.085819,0.086122
-0.32521,0.085791,0.085839
-0.32523,0.085819,0.086122
-0.32523,0.085819,0.086122
-0.32523,0.085819,0.086122
-0.32523,0.085819,0.086122
-0.32523,0.085819,0.086122
-0.32523,0.085819,0.086122
-0.32523,0.085819,0.086122
-0.32523,0.085819,0.086122
-0.32523,0.085819,0.086122
-0.32523,0.085819,0.086122
-0.32523,0.085819,0.086122
-0.32523,0.085819,0.086122
-0.32523,0.085819,0.086122
-0.32525,0.086015,0.086134
-0.32523,0.085819,0.086122
-0.32523,0.085819,0.086122
-0.32523,0.085819,0.086122
-0.32525,0.086015,0.086134
-0.32521,0.085791,0.085839
-0.32523,0.085819,0.086122
-0.32523,0.085819,0.086122
-0.32523,0.085819,0.086122
-0.32523,0.085819,0.086122
-0.32523,0.085819,0.086122
-0.32523,0.085819,0.086122
-0.32524,0.085826,0.086189
-0.32524,0.085826,0.086189
-0.32525,0.086015,0.086134
-0.32521,0.085624,0.08611
-0.32523,0.085819,0.086122
-0.32524,0.085847,0.086405
-0.32523,0.085819,0.086122
-0.32521,0.085624,0.08611
-0.32523,0.085819,0.086122
-0.32523,0.085819,0.086122
-0.32523,0.085819,0.086122
-0.32526,0.086022,0.086201
-0.32523,0.085819,0.086122
-0.32528,0.086276,0.086179
-0.32524,0.085826,0.086189
-0.32523,0.085819,0.086122
-0.32529,0.086283,0.086245
-0.32524,0.085826,0.086189
-0.32531,0.086154,0.086231
-0.32525,0.086015,0.086134
-0.32528,0.085893,0.086187
-0.32528,0.085893,0.086187
-0.32528,0.085893,0.086187
-0.32528,0.085893,0.086187
-0.32528,0.085893,0.086187
-0.32533,0.086349,0.086243
-0.32528,0.085893,0.086187
-0.32529,0.086089,0.086199
-0.32528,0.085893,0.086187
-0.32528,0.085893,0.086187
-0.32533,0.086538,0.086189
-0.32523,0.085819,0.086122
-0.32517,0.085038,0.086039
-0.32523,0.085819,0.086122
-0.32523,0.085819,0.086122
-0.32523,0.085819,0.086122
-0.32526,0.085886,0.08612
-0.32523,0.085819,0.086122
-0.32524,0.085847,0.086405
-0.32526,0.085886,0.08612
-0.32523,0.085819,0.086122
-0.32521,0.085791,0.085839
-0.32523,0.085819,0.086122
-0.32523,0.085819,0.086122
-0.32523,0.085819,0.086122
-0.32523,0.085819,0.086122
-0.32523,0.085819,0.086122
-0.32523,0.085819,0.086122
-0.32523,0.085819,0.086122
-0.32523,0.085819,0.086122
-0.32523,0.085819,0.086122
-0.32523,0.085819,0.086122
-0.32521,0.085813,0.086055
-0.3252,0.085785,0.085772
-0.32511,0.085283,0.085935
-0.32526,0.085183,0.085993
-0.32508,0.0856,0.085929
-0.32497,0.084747,0.085781
-0.32492,0.084162,0.085535
-0.32462,0.083736,0.085214
-0.32417,0.083134,0.08435
-0.3237,0.081831,0.084097
-0.3229,0.080741,0.083109
-0.32312,0.080199,0.083221
-0.3234,0.079622,0.084151
-0.32332,0.078641,0.083901
-0.32364,0.078935,0.084098
-0.21701,0.077465,0.097861
-0.21693,0.077138,0.097661
-0.21691,0.077033,0.097633
-0.23436,0.081264,0.10457
-0.23433,0.081134,0.10454
-0.23453,0.081174,0.10461
-0.23438,0.080322,0.10449
-0.23448,0.080913,0.10456
-0.23446,0.080927,0.10471
-0.23448,0.080913,0.10456
-0.23445,0.080783,0.10454
-0.2169,0.077885,0.09771
-0.2169,0.077885,0.09771
-0.21691,0.077874,0.097592
-0.2169,0.077885,0.09771
-0.2169,0.077885,0.09771
-0.21691,0.077874,0.097592
-0.2169,0.077885,0.09771
-0.2169,0.077885,0.09771
-0.2169,0.077885,0.09771
-0.21691,0.077874,0.097592
-0.2169,0.077885,0.09771
-0.21691,0.077874,0.097592
-0.21687,0.07778,0.097682
-0.21685,0.077664,0.097537
-0.21705,0.077874,0.097259
-0.21691,0.077874,0.097592
-0.21685,0.077664,0.097537
-0.21696,0.078191,0.097614
-0.2169,0.077885,0.09771
-0.2169,0.077885,0.09771
-0.2169,0.077885,0.09771
-0.2169,0.077885,0.09771
-0.21691,0.077874,0.097592
-0.2169,0.077885,0.09771
-0.2169,0.077885,0.09771
-0.2169,0.077885,0.09771
-0.21691,0.077874,0.097592
-0.21691,0.077874,0.097592
-0.2169,0.077885,0.09771
-0.2169,0.077885,0.09771
-0.21691,0.077874,0.097592
-0.2169,0.077885,0.09771
-0.21691,0.077874,0.097592
-0.21691,0.077874,0.097592
-0.21691,0.077874,0.097592
-0.21691,0.077874,0.097592
-0.21691,0.077874,0.097592
-0.2169,0.077885,0.09771
-0.2169,0.077885,0.09771
-0.21693,0.07799,0.097738
-0.21693,0.07799,0.097738
-0.21693,0.07799,0.097738
-0.21693,0.07799,0.097738
-0.21693,0.077979,0.09762
-0.21693,0.07799,0.097738
-0.21693,0.07799,0.097738
-0.21693,0.07799,0.097738
-0.21693,0.07799,0.097738
-0.21693,0.07799,0.097738
-0.21693,0.07799,0.097738
-0.21693,0.07799,0.097738
-0.21693,0.07799,0.097738
-0.21693,0.077979,0.09762
-0.21693,0.07799,0.097738
-0.21693,0.07799,0.097738
-0.21693,0.07799,0.097738
-0.21693,0.07799,0.097738
-0.2169,0.077885,0.09771
-0.21693,0.077979,0.09762
-0.21693,0.07799,0.097738
-0.21693,0.077979,0.09762
-0.21693,0.07799,0.097738
-0.21701,0.078413,0.097787
-0.21693,0.07799,0.097738
-0.21693,0.07799,0.097738
-0.21682,0.077451,0.097543
-0.21693,0.077979,0.09762
-0.21693,0.077979,0.09762
-0.21704,0.078518,0.097814
-0.21698,0.078201,0.097792
-0.21698,0.078201,0.097792
-0.21695,0.078095,0.097765
-0.21698,0.078201,0.097792
-0.21696,0.078084,0.097647
-0.21698,0.078201,0.097792
-0.21698,0.078201,0.097792
-0.21698,0.078201,0.097792
-0.21698,0.078201,0.097792
-0.21699,0.078189,0.097675
-0.21695,0.078095,0.097765
-0.21695,0.078095,0.097765
-0.21696,0.078084,0.097647
-0.21693,0.07799,0.097738
-0.21695,0.078095,0.097765
-0.21701,0.078306,0.097819
-0.21698,0.078201,0.097792
-0.21698,0.078201,0.097792
-0.21698,0.078201,0.097792
-0.21698,0.078201,0.097792
-0.21695,0.078095,0.097765
-0.21699,0.078189,0.097675
-0.21698,0.078201,0.097792
-0.21698,0.078201,0.097792
-0.21698,0.078201,0.097792
-0.21695,0.078095,0.097765
-0.21699,0.078189,0.097675
-0.21699,0.078189,0.097675
-0.21698,0.078201,0.097792
-0.21698,0.078201,0.097792
-0.21698,0.078201,0.097792
-0.21695,0.078095,0.097765
-0.21699,0.078189,0.097675
-0.21698,0.078201,0.097792
-0.21698,0.078201,0.097792
-0.21698,0.078201,0.097792
-0.21698,0.078201,0.097792
-0.21698,0.078201,0.097792
-0.21698,0.078201,0.097792
-0.21698,0.078201,0.097792
-0.21701,0.078306,0.097819
-0.21699,0.078189,0.097675
-0.21698,0.078201,0.097792
-0.21698,0.078201,0.097792
-0.21695,0.078095,0.097765
-0.21698,0.078201,0.097792
-0.21698,0.078201,0.097792
-0.21698,0.078201,0.097792
-0.21698,0.078201,0.097792
-0.21699,0.078189,0.097675
-0.21698,0.078201,0.097792
-0.21698,0.078201,0.097792
-0.21698,0.078201,0.097792
-0.21698,0.078201,0.097792
-0.21698,0.078201,0.097792
-0.21698,0.078201,0.097792
-0.21698,0.078201,0.097792
-0.21698,0.078201,0.097792
-0.21698,0.078201,0.097792
-0.21698,0.078201,0.097792
-0.21698,0.078201,0.097792
-0.21698,0.078201,0.097792
-0.21699,0.078189,0.097675
-0.21698,0.078201,0.097792
-0.21698,0.078201,0.097792
-0.21698,0.078201,0.097792
-0.21698,0.078201,0.097792
-0.21698,0.078201,0.097792
-0.21698,0.078201,0.097792
-0.21701,0.078295,0.097702
-0.21699,0.078189,0.097675
-0.21698,0.078201,0.097792
-0.21698,0.078201,0.097792
-0.21698,0.078201,0.097792
-0.21698,0.078201,0.097792
-0.21698,0.078201,0.097792
-0.21698,0.078201,0.097792
-0.21699,0.078189,0.097675
-0.21704,0.078518,0.097814
-0.21699,0.078189,0.097675
-0.21701,0.078306,0.097819
-0.21701,0.078306,0.097819
-0.21698,0.078201,0.097792
-0.21699,0.078189,0.097675
-0.21698,0.078201,0.097792
-0.21699,0.078189,0.097675
-0.21699,0.078189,0.097675
-0.21698,0.078201,0.097792
-0.21698,0.078201,0.097792
-0.21698,0.078201,0.097792
-0.21701,0.078306,0.097819
-0.21698,0.078201,0.097792
-0.21698,0.078201,0.097792
-0.21701,0.078295,0.097702
-0.21698,0.078201,0.097792
-0.21698,0.078201,0.097792
-0.21699,0.078189,0.097675
-0.21698,0.078201,0.097792
-0.21698,0.078201,0.097792
-0.21687,0.077673,0.097716
-0.21696,0.077243,0.097688
-0.21684,0.077568,0.097689
-0.21686,0.077684,0.097833
-0.21696,0.077243,0.097687
-0.21696,0.077243,0.097687
-0.21684,0.076727,0.097729
-0.32603,0.087783,0.087168
-0.32589,0.088275,0.087169
-0.32607,0.087851,0.087166
-0.32599,0.088425,0.087297
-0.32609,0.088605,0.087711
-0.32618,0.088926,0.087564
-0.32621,0.088804,0.087619
-0.32633,0.089564,0.088037
-0.32632,0.089535,0.087752
-0.32633,0.089564,0.088037
-0.32627,0.088909,0.087968
-0.32639,0.088388,0.087682
-0.32626,0.08888,0.087683
-0.32635,0.089413,0.087807
-0.32631,0.088985,0.088032
-0.32642,0.089886,0.087891
-0.33963,0.092004,0.10083
-0.33962,0.091635,0.10076
-0.33965,0.092089,0.10078
-0.3397,0.092776,0.10085
-0.3396,0.091771,0.10078
-0.33965,0.092347,0.10109
-0.33962,0.092256,0.10109
-0.33964,0.092452,0.10079
-0.33963,0.092247,0.101
-0.33966,0.092458,0.10085
-0.33966,0.092458,0.10085
-0.3397,0.093139,0.10086
-0.3397,0.093139,0.10086
-0.3397,0.093139,0.10086
-0.33973,0.09323,0.10086
-0.33968,0.092543,0.10079
-0.33973,0.09323,0.10086
-0.33972,0.093238,0.10094
-0.33971,0.09287,0.10087
-0.3397,0.092643,0.10087
-0.33971,0.09287,0.10087
-0.33971,0.09287,0.10087
-0.33965,0.092583,0.10118
-0.33972,0.093003,0.10085
-0.33969,0.09277,0.10079
-0.33968,0.092543,0.10079
-0.32641,0.090187,0.088154
-0.32638,0.089949,0.087794
-0.32644,0.090604,0.087863
-0.32636,0.090079,0.087806
-0.32637,0.090649,0.087744
-0.32632,0.090002,0.087742
-0.3263,0.089804,0.087733
-0.32635,0.090071,0.087739
-0.32637,0.090278,0.087814
-0.32636,0.090079,0.087806
-0.32636,0.090079,0.087806
-0.32637,0.090278,0.087814
-0.32637,0.09011,0.08809
-0.32641,0.090726,0.087808
-0.32633,0.089873,0.08773
-0.33963,0.09247,0.10055
-0.32636,0.09027,0.087747
-0.32637,0.090278,0.087814
-0.32634,0.08988,0.087797
-0.32636,0.09027,0.087747
-0.32631,0.089994,0.087675
-0.32632,0.090193,0.087684
-0.32631,0.090025,0.08796
-0.32629,0.090124,0.087687
-0.32627,0.089926,0.087678
-0.33959,0.092497,0.10039
-0.33959,0.092497,0.10039
-0.33953,0.091953,0.10038
-0.33957,0.092397,0.10031
-0.33952,0.091711,0.10024
-0.33952,0.09208,0.10031
-0.33948,0.091659,0.1006
-0.33951,0.091854,0.1003
-0.33955,0.092297,0.10022
-0.33966,0.091568,0.10031
-0.33967,0.091559,0.10022
-0.33967,0.091559,0.10022
-0.33951,0.092207,0.10023
-0.33958,0.090782,0.10015
-0.33952,0.092198,0.10014
-0.33966,0.091685,0.10014
-0.33944,0.091059,0.10006
-0.33943,0.091421,0.10008
-0.33962,0.091368,0.10014
-0.33946,0.09142,0.10004
-0.33942,0.09096,0.099978
-0.33944,0.091412,0.099989
-0.33943,0.091186,0.099984
-0.33946,0.09142,0.10004
-0.33938,0.090869,0.099983
-0.33944,0.091412,0.099989
-0.3394,0.091095,0.099989
-0.33943,0.091186,0.099984
-0.3394,0.091095,0.099989
-0.33954,0.090583,0.099989
-0.32611,0.08839,0.087223
-0.32597,0.088714,0.087499
-0.32596,0.088684,0.087214
-0.3261,0.0882,0.087281
-0.32597,0.088714,0.087499
-0.32597,0.088714,0.087499
-0.32609,0.088192,0.087214
-0.32607,0.088155,0.087501
-0.33936,0.09077,0.099901
-0.33949,0.090289,0.10021
-0.32592,0.088616,0.087217
-0.32591,0.088608,0.087151
-0.32601,0.087722,0.08713
-0.32601,0.088049,0.087153
-0.32587,0.08851,0.086869
-0.32601,0.088049,0.087153
-0.32588,0.08854,0.087153
-0.32588,0.08854,0.087153
-0.32601,0.088049,0.087153
-0.326,0.088041,0.087086
-0.326,0.088041,0.087086
-0.326,0.088041,0.087086
-0.326,0.088041,0.087086
-0.32588,0.08854,0.087153
-0.32587,0.088533,0.087087
-0.32587,0.088533,0.087087
-0.32588,0.08854,0.087153
-0.33947,0.090158,0.099818
-0.33948,0.09015,0.099731
-0.32597,0.087973,0.087089
-0.32596,0.087966,0.087022
-0.32577,0.088,0.086964
-0.32578,0.088389,0.087026
-0.32592,0.087898,0.087025
-0.32593,0.087928,0.087309
-0.3259,0.0877,0.087015
-0.32587,0.087306,0.086994
-0.32576,0.088184,0.086949
-0.32596,0.088347,0.087017
-0.32584,0.087428,0.086941
-0.32581,0.08755,0.086887
-0.32579,0.087353,0.086877
-0.3258,0.087383,0.087161
-0.32578,0.087346,0.08681
-0.32563,0.087966,0.086824
-0.32576,0.087475,0.086823
-0.32576,0.087475,0.086823
-0.32573,0.087249,0.086529
-0.32561,0.087769,0.086813
-0.32575,0.087278,0.086813
-0.32561,0.087769,0.086813
-0.32563,0.087966,0.086824
-0.32573,0.087081,0.086802
-0.32576,0.087475,0.086823
-0.32575,0.087278,0.086813
-0.32575,0.087278,0.086813
-0.32575,0.087278,0.086813
-0.32559,0.087573,0.086802
-0.32561,0.087769,0.086813
-0.32579,0.087735,0.086871
-0.32575,0.087278,0.086813
-0.32573,0.087271,0.086746
-0.3257,0.087204,0.086749
-0.3257,0.087204,0.086749
-0.32569,0.087196,0.086682
-0.32569,0.087196,0.086682
-0.32568,0.087167,0.086398
-0.32569,0.087196,0.086682
-0.32565,0.087129,0.086685
-0.32563,0.086932,0.086674
-0.32562,0.086925,0.086607
-0.32562,0.086925,0.086607
-0.32562,0.086925,0.086607
-0.32563,0.086954,0.086891
-0.32562,0.086925,0.086607
-0.32562,0.086925,0.086607
-0.3391,0.089303,0.09922
-0.32563,0.086932,0.086674
-0.3255,0.087423,0.086674
-0.32548,0.087227,0.086663
-0.32561,0.086736,0.086662
-0.32561,0.086736,0.086662
-0.32561,0.086736,0.086662
-0.32548,0.087227,0.086663
-0.32561,0.086736,0.086662
-0.32561,0.086736,0.086662
-0.32561,0.086736,0.086662
-0.32561,0.086736,0.086662
-0.32562,0.086764,0.086946
-0.32548,0.087227,0.086663
-0.3256,0.086729,0.086596
-0.3256,0.086729,0.086596
-0.32561,0.086736,0.086662
-0.3256,0.086729,0.086596
-0.32548,0.087227,0.086663
-0.32561,0.086736,0.086662
-0.32562,0.086764,0.086946
-0.32561,0.086736,0.086662
-0.32561,0.086736,0.086662
-0.32561,0.086736,0.086662
-0.32561,0.086736,0.086662
-0.32548,0.087227,0.086663
-0.3256,0.086729,0.086596
-0.32548,0.087227,0.086663
-0.32561,0.086736,0.086662
-0.3256,0.086729,0.086596
-0.32559,0.0867,0.086312
-0.3256,0.086729,0.086596
-0.3256,0.086729,0.086596
-0.3256,0.086729,0.086596
-0.32562,0.086764,0.086946
-0.32561,0.086736,0.086662
-0.3256,0.086729,0.086596
-0.3256,0.086729,0.086596
-0.32561,0.086736,0.086662
-0.32561,0.086736,0.086662
-0.3256,0.086729,0.086596
-0.3256,0.086729,0.086596
-0.32561,0.086736,0.086662
-0.32561,0.086736,0.086662
-0.32561,0.086736,0.086662
-0.32561,0.086736,0.086662
-0.32561,0.086736,0.086662
-0.32561,0.086736,0.086662
-0.32561,0.086568,0.086935
-0.32548,0.087227,0.086663
-0.3256,0.086539,0.086651
-0.32545,0.087023,0.086585
-0.32546,0.086539,0.08715
-0.3256,0.086539,0.086651
-0.32559,0.086532,0.086584
-0.3256,0.086539,0.086651
-0.32559,0.086532,0.086584
-0.32559,0.086532,0.086584
-0.32559,0.086532,0.086584
-0.32559,0.086532,0.086585
-0.32559,0.086532,0.086585
-0.32559,0.086532,0.086585
-0.32559,0.086532,0.086585
-0.32559,0.086532,0.086585
-0.32559,0.086532,0.086585
-0.32559,0.086532,0.086585
-0.32554,0.086458,0.086521
-0.32551,0.086419,0.086807
-0.32545,0.086317,0.086459
-0.32544,0.08631,0.086392
-0.3254,0.086243,0.086394
-0.32539,0.086236,0.086327
-0.3254,0.086243,0.086394
-0.32539,0.086236,0.086327
-0.32539,0.086236,0.086327
-0.32541,0.086432,0.086339
-0.32539,0.086236,0.086327
-0.3254,0.086264,0.086611
-0.3254,0.086243,0.086394
-0.3254,0.086243,0.086394
-0.32545,0.086338,0.086676
-0.3254,0.086243,0.086394
-0.32544,0.08631,0.086392
-0.3254,0.086243,0.086394
-0.32541,0.086271,0.086678
-0.32539,0.086214,0.086111
-0.3254,0.086243,0.086394
-0.32537,0.08604,0.086315
-0.32539,0.086047,0.086382
-0.32537,0.08604,0.086315
-0.32537,0.08604,0.086315
-0.32537,0.08604,0.086315
-0.32537,0.08604,0.086315
-0.32537,0.08604,0.086315
-0.32539,0.086047,0.086382
-0.32539,0.086047,0.086382
-0.32537,0.08604,0.086315
-0.32537,0.08604,0.086315
-0.32539,0.086047,0.086382
-0.32537,0.08604,0.086315
-0.32538,0.086068,0.086599
-0.32539,0.086047,0.086382
-0.32539,0.086047,0.086382
-0.32532,0.085583,0.086259
-0.32534,0.085619,0.086609
-0.32539,0.086047,0.086382
-0.32539,0.086047,0.086382
-0.32539,0.086047,0.086382
-0.3254,0.086075,0.086666
-0.32539,0.086047,0.086382
-0.32537,0.08604,0.086315
-0.32537,0.08604,0.086315
-0.32532,0.085583,0.086259
-0.32537,0.08604,0.086315
-0.32537,0.08604,0.086315
-0.32528,0.085192,0.086235
-0.32537,0.08604,0.086315
-0.32537,0.08604,0.086315
-0.32539,0.086047,0.086382
-0.32537,0.08604,0.086315
-0.32537,0.08604,0.086315
-0.32537,0.08604,0.086315
-0.32537,0.08604,0.086315
-0.32538,0.086068,0.086599
-0.32536,0.086012,0.086032
-0.32537,0.08604,0.086315
-0.32537,0.08604,0.086315
-0.32537,0.08604,0.086315
-0.32537,0.08604,0.086315
-0.32539,0.086047,0.086382
-0.32538,0.086068,0.086599
-0.32537,0.08604,0.086315
-0.32537,0.08604,0.086315
-0.3254,0.086243,0.086394
-0.32537,0.08604,0.086315
-0.32537,0.08604,0.086315
-0.32536,0.086012,0.086032
-0.32537,0.08604,0.086315
-0.32539,0.086236,0.086327
-0.32539,0.086047,0.086382
-0.3253,0.085388,0.086247
-0.32538,0.086068,0.086599
-0.32537,0.08604,0.086315
-0.32537,0.08604,0.086315
-0.32537,0.08604,0.086315
-0.32537,0.08604,0.086315
-0.32534,0.085648,0.086291
-0.32537,0.08604,0.086315
-0.32539,0.086236,0.086327
-0.32538,0.086068,0.086599
-0.32539,0.086047,0.086382
-0.32537,0.08604,0.086315
-0.32537,0.08604,0.086315
-0.32537,0.08604,0.086315
-0.32543,0.086496,0.086372
-0.32537,0.08604,0.086315
-0.32536,0.086012,0.086032
-0.32539,0.086047,0.086382
-0.32537,0.08604,0.086315
-0.32537,0.08604,0.086315
-0.32534,0.085973,0.086318
-0.32534,0.085973,0.086318
-0.32531,0.085771,0.086239
-0.32528,0.085893,0.086187
-0.32511,0.084933,0.086326
-0.32513,0.085673,0.085993
-0.32494,0.084681,0.085782
-0.32494,0.083851,0.085639
-0.32486,0.083901,0.085524
-0.32472,0.083369,0.085367
-0.32453,0.082892,0.085132
-0.32426,0.082035,0.084897
-0.3239,0.08155,0.084508
-0.32343,0.080673,0.083889
-0.32291,0.079878,0.083352
-0.34032,0.090653,0.083844
-0.34042,0.090853,0.084011
-0.34056,0.091152,0.084263
-0.34064,0.090768,0.08444
-0.34077,0.091595,0.084994
-0.34085,0.091586,0.085153
-0.34086,0.091445,0.084922
-0.34097,0.092057,0.085016
-0.34098,0.092068,0.085105
-0.34101,0.092158,0.0851
-0.34101,0.092158,0.0851
-0.34097,0.092057,0.085016
-0.34098,0.092089,0.085324
-0.34101,0.092158,0.0851
-0.34101,0.092158,0.0851
-0.34102,0.092169,0.085189
-0.34101,0.092158,0.0851
-0.34101,0.092158,0.0851
-0.34097,0.091727,0.084996
-0.341,0.092148,0.085011
-0.34101,0.092158,0.0851
-0.34103,0.092369,0.085107
-0.34103,0.092369,0.085107
-0.34103,0.092369,0.085107
-0.34103,0.092369,0.085107
-0.34106,0.09246,0.085102
-0.34107,0.09247,0.085191
-0.34107,0.09247,0.085191
-0.34107,0.09247,0.085191
-0.34111,0.092572,0.085274
-0.34115,0.092673,0.085358
-0.34115,0.092673,0.085358
-0.3412,0.092775,0.085441
-0.34118,0.092715,0.085755
-0.34101,0.093188,0.085358
-0.34114,0.092462,0.085351
-0.34115,0.092673,0.085358
-0.34096,0.092502,0.085285
-0.34101,0.093188,0.085358
-0.34097,0.092533,0.085592
-0.34098,0.093118,0.085582
-0.3409,0.09252,0.085213
-0.34087,0.092299,0.085118
-0.34087,0.092299,0.085118
-0.34088,0.09233,0.085425
-0.34087,0.092299,0.085118
-0.34084,0.092208,0.085123
-0.34087,0.092299,0.085118
-0.34068,0.092511,0.085116
-0.34068,0.092511,0.085117
-0.3407,0.092542,0.085424
-0.34068,0.092511,0.085117
-0.34064,0.09241,0.085033
-0.34065,0.092441,0.085341
-0.34064,0.09241,0.085033
-0.34064,0.092431,0.085252
-0.3406,0.092309,0.084949
-0.3406,0.092309,0.084949
-0.34058,0.092299,0.08486
-0.34055,0.092208,0.084866
-0.34055,0.092208,0.084866
-0.34056,0.092239,0.085173
-0.34055,0.092208,0.084866
-0.34052,0.091788,0.08485
-0.34048,0.091312,0.084785
-0.34048,0.091312,0.084785
-0.3405,0.091193,0.084771
-0.34047,0.091102,0.084776
-0.34051,0.091554,0.0851
-0.3406,0.090887,0.085573
-0.3406,0.091067,0.085273
-0.34063,0.091308,0.085589
-0.34047,0.091102,0.084776
-0.34065,0.091367,0.085276
-0.3406,0.090887,0.085573
-0.34061,0.091097,0.085581
-0.34055,0.090786,0.085488
-0.34051,0.09049,0.085125
-0.34048,0.090071,0.085108
-0.34055,0.090786,0.085488
-0.34058,0.091207,0.085505
-0.34052,0.0907,0.085133
-0.34066,0.090186,0.085133
-0.34056,0.090488,0.084692
-0.34051,0.090666,0.085186
-0.3405,0.090178,0.084599
-0.34052,0.090896,0.085413
-0.3405,0.091016,0.085426
-0.34046,0.090586,0.08532
-0.34048,0.090796,0.085328
-0.34048,0.090975,0.08503
-0.34044,0.089868,0.084506
-0.34029,0.090172,0.084497
-0.34057,0.089832,0.085003
-0.34037,0.089661,0.084931
-0.34037,0.089481,0.085229
-0.3404,0.089927,0.084985
-0.34042,0.08958,0.085314
-0.34057,0.089277,0.085322
-0.34052,0.089157,0.085019
-0.34037,0.08928,0.085309
-0.34051,0.088947,0.08501
-0.34033,0.089015,0.085255
-0.34046,0.08897,0.085664
-0.3405,0.08942,0.085989
-0.34057,0.0882,0.085699
-0.34042,0.088704,0.08561
-0.34047,0.08918,0.085673
-0.34047,0.08918,0.085673
-0.34042,0.088704,0.08561
-0.34057,0.088576,0.085677
-0.34058,0.088951,0.085655
-0.3405,0.088457,0.085415
-0.34033,0.088881,0.08542
-0.34047,0.088367,0.085419
-0.34033,0.088881,0.08542
-0.34047,0.088367,0.085419
-0.34047,0.088367,0.085419
-0.34047,0.088367,0.085419
-0.34047,0.088367,0.085419
-0.34047,0.088367,0.085419
-0.34048,0.088397,0.085726
-0.34033,0.088881,0.08542
-0.34047,0.088367,0.085419
-0.34047,0.088367,0.085419
-0.34047,0.088367,0.085419
-0.34044,0.087948,0.085401
-0.34048,0.088377,0.085508
-0.34048,0.088377,0.085508
-0.3405,0.088457,0.085415
-0.34043,0.088277,0.085424
-0.34039,0.088178,0.08534
-0.34029,0.087275,0.08517
-0.34035,0.088109,0.085562
-0.34035,0.088109,0.085562
-0.34033,0.088069,0.085166
-0.34031,0.08766,0.085236
-0.34032,0.08769,0.085543
-0.34034,0.088079,0.085255
-0.34034,0.088079,0.085255
-0.34034,0.088079,0.085255
-0.34034,0.088079,0.085255
-0.34034,0.088079,0.085255
-0.34037,0.088168,0.085251
-0.34034,0.088079,0.085255
-0.34034,0.088079,0.085255
-0.34034,0.088079,0.085255
-0.34034,0.088079,0.085255
-0.34035,0.088109,0.085562
-0.34031,0.08766,0.085236
-0.34034,0.088079,0.085255
-0.34034,0.088079,0.085255
-0.34048,0.087565,0.085255
-0.34048,0.087565,0.085255
-0.34048,0.087565,0.085255
-0.34049,0.087575,0.085344
-0.34045,0.087156,0.085324
-0.34049,0.087575,0.085344
-0.34044,0.08712,0.0855
-0.34048,0.087565,0.085255
-0.34048,0.087565,0.085255
-0.34044,0.087147,0.085235
-0.34048,0.087565,0.085255
-0.34048,0.087565,0.085255
-0.34039,0.086671,0.085174
-0.34048,0.087565,0.085255
-0.34039,0.086671,0.085174
-0.34049,0.087575,0.085344
-0.34049,0.087575,0.085344
-0.34049,0.087575,0.085344
-0.34052,0.087664,0.085339
-0.34049,0.087575,0.085344
-0.34049,0.087575,0.085344
-0.34048,0.087565,0.085255
-0.34044,0.08712,0.0855
-0.34048,0.087565,0.085255
-0.34048,0.087565,0.085255
-0.34044,0.087147,0.085235
-0.34048,0.087565,0.085255
-0.34048,0.087565,0.085255
-0.34048,0.087565,0.085255
-0.34048,0.087565,0.085255
-0.34048,0.087565,0.085255
-0.34049,0.087595,0.085562
-0.3405,0.087604,0.08565
-0.34049,0.087575,0.085344
-0.34048,0.087565,0.085255
-0.34048,0.087565,0.085255
-0.34048,0.087565,0.085255
-0.34048,0.087565,0.085255
-0.34043,0.08709,0.085193
-0.34039,0.086671,0.085174
-0.34041,0.087057,0.085239
-0.34039,0.087397,0.085393
-0.34025,0.086704,0.084945
-0.34025,0.087081,0.084922
-0.34023,0.087071,0.084833
-0.34023,0.087071,0.084833
-0.3402,0.086982,0.084837
-0.3402,0.086982,0.084837
-0.34021,0.087012,0.085144
-0.3402,0.086982,0.084837
-0.3402,0.086982,0.084837
-0.3402,0.086982,0.084837
-0.3402,0.086982,0.084837
-0.3402,0.086982,0.084837
-0.3402,0.086982,0.084837
-0.34018,0.086973,0.084748
-0.34016,0.086914,0.085059
-0.34013,0.086497,0.085038
-0.34011,0.086795,0.084757
-0.34011,0.086816,0.084975
-0.34008,0.086399,0.084953
-0.34008,0.086399,0.084953
-0.34003,0.085924,0.084893
-0.34008,0.086578,0.084658
-0.34008,0.086578,0.084658
-0.34001,0.085894,0.084586
-0.3401,0.086786,0.084668
-0.34011,0.086816,0.084975
-0.3401,0.086786,0.084668
-0.34008,0.086578,0.084658
-0.3401,0.086786,0.084668
-0.34009,0.086777,0.08458
-0.34005,0.086688,0.084584
-0.34005,0.086708,0.084801
-0.33995,0.085787,0.084413
-0.33998,0.086203,0.084434
-0.33998,0.086581,0.084411
-0.33986,0.085622,0.08455
-0.3398,0.085821,0.084186
-0.33977,0.085814,0.084445
-0.33965,0.085212,0.083994
-0.33968,0.085996,0.083904
-0.33948,0.084913,0.083652
-0.33936,0.084839,0.083499
-0.33918,0.084345,0.083233
-0.3391,0.084262,0.083276
-0.33905,0.083238,0.082792
-0.3388,0.082078,0.082541
-0.33867,0.081882,0.082283
-0.33847,0.081397,0.082014
-0.33835,0.080206,0.082258
-0.22038,0.07536,0.070353
-0.22016,0.075689,0.070692
-0.22033,0.076037,0.070374
-0.22041,0.075435,0.070383
-0.22032,0.075824,0.07008
-0.22029,0.075749,0.07005
-0.22029,0.075749,0.07005
-0.22029,0.075749,0.07005
-0.22029,0.075749,0.07005
-0.22039,0.076171,0.070101
-0.22041,0.076247,0.07013
-0.22022,0.07635,0.070042
-0.22022,0.076351,0.070041
-0.22015,0.076003,0.07002
-0.22039,0.076172,0.0701
-0.22039,0.076172,0.0701
-0.22032,0.075825,0.070079
-0.22031,0.075946,0.070011
-0.22023,0.07623,0.070109
-0.22039,0.076172,0.0701
-0.2202,0.076154,0.070079
-0.2202,0.076154,0.070079
-0.22039,0.076172,0.0701
-0.22039,0.076172,0.0701
-0.22032,0.075825,0.070079
-0.22041,0.076247,0.070129
-0.22027,0.076501,0.0701
-0.22039,0.076172,0.0701
-0.2202,0.076154,0.070079
-0.22027,0.076501,0.0701
-0.2203,0.076577,0.07013
-0.2203,0.076577,0.07013
-0.22034,0.076591,0.070252
-0.2203,0.076577,0.07013
-0.2203,0.076577,0.07013
-0.22032,0.076652,0.070159
-0.22032,0.076652,0.070159
-0.22032,0.076652,0.070159
-0.22032,0.076652,0.070159
-0.22035,0.076728,0.070188
-0.22035,0.076728,0.070188
-0.22035,0.076728,0.070188
-0.22038,0.076804,0.070218
-0.22035,0.076728,0.070188
-0.22038,0.076804,0.070218
-0.22017,0.076694,0.069836
-0.22038,0.076804,0.070218
-0.22035,0.076728,0.070188
-0.22017,0.076694,0.069836
-0.22017,0.076694,0.069836
-0.22017,0.076694,0.069836
-0.22017,0.076694,0.069836
-0.22022,0.076845,0.069894
-0.22017,0.076694,0.069836
-0.22022,0.076845,0.069894
-0.2202,0.07677,0.069865
-0.22022,0.076845,0.069894
-0.22038,0.076804,0.070218
-0.22038,0.076804,0.070218
-0.22022,0.076845,0.069894
-0.22022,0.076845,0.069894
-0.22035,0.076728,0.070188
-0.22022,0.076845,0.069894
-0.22017,0.076694,0.069836
-0.22017,0.076694,0.069836
-0.22035,0.076728,0.070188
-0.22003,0.076619,0.070144
-0.22011,0.076543,0.069777
-0.22014,0.076619,0.069806
-0.2203,0.076577,0.07013
-0.22011,0.076543,0.069777
-0.22011,0.076543,0.069777
-0.2203,0.076577,0.07013
-0.22032,0.076652,0.070159
-0.22027,0.076501,0.0701
-0.22014,0.076619,0.069806
-0.22011,0.076543,0.069777
-0.22017,0.076694,0.069836
-0.22009,0.076468,0.069747
-0.22011,0.076543,0.069777
-0.22036,0.076666,0.070282
-0.22011,0.076543,0.069777
-0.22032,0.076652,0.070159
-0.22009,0.076468,0.069747
-0.22015,0.076557,0.069899
-0.22011,0.076543,0.069777
-0.22014,0.076619,0.069806
-0.22006,0.076393,0.069717
-0.2202,0.07677,0.069865
-0.22027,0.076501,0.0701
-0.22011,0.076543,0.069777
-0.22027,0.076501,0.0701
-0.22017,0.076694,0.069836
-0.22034,0.076591,0.070252
-0.22011,0.076543,0.069777
-0.22011,0.076543,0.069777
-0.22027,0.076501,0.0701
-0.22011,0.076543,0.069777
-0.2203,0.076577,0.07013
-0.22014,0.076619,0.069806
-0.22027,0.076501,0.0701
-0.22032,0.076652,0.070159
-0.22011,0.076543,0.069777
-0.22011,0.076543,0.069777
-0.22011,0.076543,0.069777
-0.22032,0.076652,0.070159
-0.2203,0.076577,0.07013
-0.22011,0.076543,0.069777
-0.22011,0.076543,0.069777
-0.22032,0.076652,0.070159
-0.2203,0.076577,0.07013
-0.22011,0.076543,0.069777
-0.22015,0.076557,0.069899
-0.22032,0.076652,0.070159
-0.22021,0.076708,0.069958
-0.22032,0.076652,0.070159
-0.22014,0.076619,0.069806
-0.22027,0.076501,0.0701
-0.22027,0.076501,0.0701
-0.2203,0.076577,0.07013
-0.22027,0.076501,0.0701
-0.22027,0.076501,0.0701
-0.22027,0.076501,0.0701
-0.22027,0.076501,0.0701
-0.22014,0.076619,0.069806
-0.2203,0.076577,0.07013
-0.2203,0.076577,0.07013
-0.2203,0.076577,0.07013
-0.22011,0.076543,0.069777
-0.2202,0.076154,0.070079
-0.22032,0.076652,0.07016
-0.22027,0.076501,0.070101
-0.2203,0.076576,0.070131
-0.2203,0.076576,0.070131
-0.22014,0.076618,0.069807
-0.22015,0.076556,0.0699
-0.22032,0.076652,0.07016
-0.2203,0.076576,0.070131
-0.2203,0.076576,0.070131
-0.22024,0.076426,0.070071
-0.22014,0.076618,0.069807
-0.22005,0.076196,0.069756
-0.2203,0.076576,0.070131
-0.22027,0.076501,0.070101
-0.22032,0.076652,0.07016
-0.2203,0.076576,0.070131
-0.22007,0.076271,0.069786
-0.22011,0.076543,0.069777
-0.22024,0.076426,0.070071
-0.22009,0.076468,0.069748
-0.2203,0.076576,0.070131
-0.22014,0.076618,0.069807
-0.22027,0.076501,0.070101
-0.22011,0.076543,0.069777
-0.2203,0.076576,0.070131
-0.22026,0.076563,0.070008
-0.21996,0.076032,0.069575
-0.22018,0.076078,0.07005
-0.2203,0.076576,0.070131
-0.22018,0.076078,0.07005
-0.22002,0.07612,0.069727
-0.22033,0.07659,0.070253
-0.2203,0.076576,0.070131
-0.22023,0.076229,0.070109
-0.22027,0.076501,0.070101
-0.2203,0.076576,0.070131
-0.2202,0.076154,0.07008
-0.2202,0.076154,0.07008
-0.22027,0.076501,0.070101
-0.2202,0.076154,0.07008
-0.22031,0.076515,0.070224
-0.22024,0.076167,0.070202
-0.22018,0.076078,0.07005
-0.22027,0.076501,0.070101
-0.22018,0.076078,0.07005
-0.2202,0.076154,0.07008
-0.22023,0.076229,0.070109
-0.22023,0.076229,0.070109
-0.22023,0.076229,0.070109
-0.2202,0.076154,0.07008
-0.22024,0.076167,0.070202
-0.2202,0.076154,0.07008
-0.2202,0.076154,0.07008
-0.22023,0.076229,0.070109
-0.2202,0.076154,0.07008
-0.2202,0.076154,0.07008
-0.2202,0.076154,0.07008
-0.22005,0.076196,0.069756
-0.2202,0.076154,0.07008
-0.2202,0.076154,0.07008
-0.21999,0.076045,0.069697
-0.2202,0.076154,0.07008
-0.22015,0.076003,0.070021
-0.22015,0.076003,0.070021
-0.22012,0.075928,0.069991
-0.22015,0.076003,0.070021
-0.22015,0.076003,0.070021
-0.22018,0.076078,0.07005
-0.22012,0.075928,0.069991
-0.22012,0.075928,0.069991
-0.22012,0.075928,0.069991
-0.22012,0.075928,0.069991
-0.22015,0.076003,0.070021
-0.22015,0.076003,0.070021
-0.22015,0.076003,0.070021
-0.22015,0.076003,0.070021
-0.22018,0.076078,0.07005
-0.22012,0.075928,0.069991
-0.22012,0.075928,0.069991
-0.22019,0.076016,0.070143
-0.22015,0.076003,0.070021
-0.22015,0.076003,0.070021
-0.22015,0.076003,0.070021
-0.22015,0.076003,0.070021
-0.22015,0.076003,0.070021
-0.22015,0.076003,0.070021
-0.22018,0.076078,0.07005
-0.22018,0.076078,0.07005
-0.22015,0.076003,0.070021
-0.2201,0.075853,0.069961
-0.22015,0.076003,0.070021
-0.22015,0.076003,0.070021
-0.2201,0.075853,0.069961
-0.21999,0.076045,0.069697
-0.22015,0.076003,0.070021
-0.22015,0.076003,0.070021
-0.22015,0.076003,0.070021
-0.22015,0.076003,0.070021
-0.22015,0.076003,0.070021
-0.22006,0.075581,0.069971
-0.22002,0.07612,0.069727
-0.22012,0.075928,0.069991
-0.22015,0.076003,0.070021
-0.22012,0.075928,0.069991
-0.22019,0.076016,0.070143
-0.22015,0.076003,0.070021
-0.22015,0.076003,0.070021
-0.22015,0.076003,0.070021
-0.22011,0.07599,0.069898
-0.22015,0.076003,0.070021
-0.22015,0.076003,0.070021
-0.22015,0.076003,0.070021
-0.22015,0.076003,0.070021
-0.22015,0.076003,0.070021
-0.21998,0.076107,0.069604
-0.22015,0.076003,0.070021
-0.22015,0.076003,0.070021
-0.22015,0.076003,0.070021
-0.22015,0.076003,0.070021
-0.22015,0.076003,0.070021
-0.22015,0.076003,0.070021
-0.22015,0.076003,0.070021
-0.22012,0.075928,0.069991
-0.22015,0.076003,0.070021
-0.22003,0.075506,0.069941
-0.22015,0.076003,0.070021
-0.22015,0.076003,0.070021
-0.22015,0.076003,0.070021
-0.22015,0.076003,0.070021
-0.22015,0.076003,0.070021
-0.21999,0.076045,0.069697
-0.22015,0.076003,0.070021
-0.22018,0.076078,0.07005
-0.22015,0.076003,0.070021
-0.22015,0.076003,0.070021
-0.22018,0.076078,0.07005
-0.22015,0.076003,0.070021
-0.22015,0.076003,0.070021
-0.22018,0.076078,0.07005
-0.22015,0.076003,0.070021
-0.22022,0.07635,0.070042
-0.22015,0.076003,0.070021
-0.22015,0.076003,0.070021
-0.22015,0.076003,0.070021
-0.22015,0.076003,0.070021
-0.22015,0.076003,0.070021
-0.22015,0.076003,0.070021
-0.22015,0.076003,0.070021
-0.22015,0.076003,0.070021
-0.22015,0.076003,0.070021
-0.22015,0.076003,0.070021
-0.22021,0.076092,0.070173
-0.22015,0.076003,0.070021
-0.22015,0.076003,0.070021
-0.22018,0.076078,0.07005
-0.22015,0.076003,0.070021
-0.22015,0.076003,0.070021
-0.22018,0.076078,0.07005
-0.22015,0.076003,0.070021
-0.22019,0.076016,0.070143
-0.22015,0.076003,0.070021
-0.22015,0.076003,0.070021
-0.22015,0.076003,0.070021
-0.22015,0.076003,0.070021
-0.22019,0.076016,0.070143
-0.22015,0.076003,0.070021
-0.22015,0.076003,0.070021
-0.22015,0.076003,0.070021
-0.22018,0.076078,0.07005
-0.22015,0.076003,0.070021
-0.22008,0.075656,0.07
-0.22014,0.075176,0.069941
-0.22017,0.075252,0.06997
-0.22017,0.075252,0.06997
-0.22005,0.074754,0.069892
-0.22002,0.074679,0.069862
-0.21999,0.074604,0.069833
-0.21996,0.074529,0.069803
-0.21981,0.073958,0.069693
-0.22009,0.074411,0.070097
-0.22003,0.074002,0.07017
-0.22009,0.073538,0.070445
-0.20616,0.074484,0.058765
-0.20619,0.074697,0.059038
-0.20597,0.074732,0.058634
-0.20597,0.074732,0.058634
-0.20597,0.074732,0.058634
-0.20619,0.074782,0.058999
-0.20597,0.074733,0.058633
-0.20597,0.074734,0.058632
-0.20597,0.074734,0.058632
-0.20602,0.074745,0.058733
-0.20593,0.074829,0.05901
-0.20597,0.075478,0.05871
-0.20592,0.075467,0.058609
-0.20597,0.075478,0.05871
-0.20597,0.075479,0.05871
-0.20597,0.075479,0.05871
-0.20597,0.075479,0.05871
-0.20597,0.075479,0.058709
-0.20597,0.075479,0.058709
-0.20597,0.075479,0.058709
-0.20597,0.075479,0.058709
-0.20597,0.07548,0.058708
-0.2058,0.075526,0.058405
-0.20592,0.075963,0.058483
-0.20592,0.075963,0.058484
-0.20592,0.075963,0.058484
-0.20592,0.075963,0.058484
-0.20592,0.075963,0.058484
-0.20592,0.075963,0.058484
-0.20592,0.075963,0.058484
-0.20592,0.075963,0.058484
-0.20598,0.075974,0.058585
-0.20595,0.076011,0.058515
-0.20592,0.075963,0.058484
-0.20587,0.075951,0.058383
-0.20592,0.075963,0.058484
-0.20592,0.075963,0.058484
-0.20592,0.075963,0.058484
-0.20602,0.076352,0.058532
-0.20598,0.075974,0.058586
-0.20592,0.075962,0.058485
-0.20592,0.075962,0.058485
-0.20592,0.075962,0.058485
-0.20592,0.075962,0.058485
-0.2059,0.075914,0.058454
-0.20592,0.075962,0.058485
-0.20595,0.07601,0.058516
-0.20592,0.075962,0.058485
-0.2059,0.075914,0.058454
-0.20592,0.075962,0.058485
-0.20592,0.075962,0.058485
-0.20592,0.075962,0.058485
-0.20598,0.075974,0.058586
-0.20592,0.075962,0.058485
-0.20592,0.075962,0.058485
-0.20608,0.076363,0.058634
-0.20595,0.07601,0.058516
-0.20592,0.075962,0.058485
-0.20595,0.07601,0.058516
-0.20605,0.0764,0.058563
-0.20592,0.075962,0.058485
-0.20608,0.076363,0.058634
-0.20592,0.075962,0.058485
-0.20598,0.076058,0.058546
-0.20595,0.07601,0.058516
-0.20595,0.07601,0.058516
-0.20598,0.075974,0.058586
-0.206,0.076106,0.058577
-0.20598,0.076058,0.058546
-0.20603,0.07607,0.058648
-0.20598,0.076058,0.058547
-0.20598,0.076058,0.058547
-0.20605,0.076399,0.058564
-0.206,0.076106,0.058578
-0.20607,0.076447,0.058595
-0.20598,0.076058,0.058547
-0.20598,0.076058,0.058547
-0.206,0.076106,0.058578
-0.20598,0.076058,0.058547
-0.20598,0.076058,0.058547
-0.20598,0.076058,0.058547
-0.20598,0.076058,0.058547
-0.20595,0.076009,0.058516
-0.206,0.076106,0.058578
-0.20598,0.076058,0.058547
-0.2061,0.076411,0.058665
-0.20598,0.076058,0.058547
-0.20592,0.076046,0.058446
-0.20598,0.076058,0.058547
-0.20595,0.076009,0.058516
-0.20598,0.076058,0.058547
-0.20598,0.076058,0.058547
-0.20603,0.07607,0.058648
-0.20598,0.076058,0.058547
-0.20607,0.076447,0.058595
-0.20598,0.076058,0.058547
-0.20625,0.076151,0.058696
-0.20598,0.076058,0.058547
-0.2061,0.07575,0.058547
-0.20598,0.076058,0.058547
-0.206,0.076106,0.058578
-0.20598,0.076058,0.058547
-0.206,0.076106,0.058578
-0.2061,0.07575,0.058547
-0.20598,0.076058,0.058547
-0.20598,0.076058,0.058547
-0.20598,0.076058,0.058547
-0.206,0.076106,0.058578
-0.20605,0.076399,0.058564
-0.2061,0.07575,0.058547
-0.20607,0.076447,0.058595
-0.2061,0.07575,0.058547
-0.206,0.076106,0.058578
-0.206,0.076106,0.058578
-0.20616,0.076091,0.058564
-0.20607,0.076447,0.058595
-0.20598,0.076058,0.058547
-0.20592,0.076046,0.058446
-0.20625,0.076151,0.058696
-0.2061,0.07575,0.058547
-0.2061,0.07575,0.058547
-0.20598,0.076058,0.058547
-0.20598,0.076058,0.058547
-0.20607,0.076447,0.058595
-0.206,0.076106,0.058578
-0.20622,0.076103,0.058665
-0.2061,0.07575,0.058547
-0.20612,0.075714,0.058617
-0.20598,0.076058,0.058547
-0.20607,0.075702,0.058516
-0.20603,0.07607,0.058648
-0.20619,0.076139,0.058595
-0.2061,0.07575,0.058547
-0.2061,0.07575,0.058547
-0.2061,0.07575,0.058547
-0.2061,0.07575,0.058547
-0.2061,0.07575,0.058547
-0.20615,0.075762,0.058648
-0.2061,0.07575,0.058547
-0.20598,0.076058,0.058547
-0.2061,0.07575,0.058547
-0.20611,0.076079,0.058463
-0.2061,0.07575,0.058547
-0.20598,0.076058,0.058547
-0.20612,0.075798,0.058577
-0.2061,0.07575,0.058547
-0.2061,0.07575,0.058547
-0.2061,0.07575,0.058547
-0.20607,0.076447,0.058595
-0.20598,0.076058,0.058547
-0.2061,0.07575,0.058547
-0.20605,0.076399,0.058564
-0.2061,0.07575,0.058547
-0.20598,0.076058,0.058547
-0.20601,0.076021,0.058617
-0.20607,0.075702,0.058516
-0.2061,0.07575,0.058547
-0.20603,0.07607,0.058648
-0.20612,0.075798,0.058577
-0.20612,0.075798,0.058577
-0.20615,0.075846,0.058608
-0.20612,0.075798,0.058577
-0.20622,0.076103,0.058665
-0.2061,0.07575,0.058547
-0.2061,0.076495,0.058626
-0.20616,0.076091,0.058564
-0.20602,0.076351,0.058533
-0.2061,0.076495,0.058626
-0.2061,0.07575,0.058547
-0.2061,0.07575,0.058547
-0.20612,0.075798,0.058577
-0.20618,0.07581,0.058678
-0.2061,0.07575,0.058547
-0.20612,0.075798,0.058577
-0.20615,0.075761,0.058649
-0.2061,0.074721,0.058587
-0.20623,0.074743,0.058502
-0.20613,0.074354,0.058455
