-0.23439,0.082417,0.10379
-0.22859,0.070383,0.11341
-0.23407,0.07698,0.098382
-0.23926,0.071614,0.12701
-0.22823,0.070223,0.1119
-0.23424,0.082293,0.10414
-0.23438,0.081577,0.10445
-0.22878,0.070545,0.11261
-0.22827,0.070549,0.1118
-0.23402,0.075891,0.098228
-0.2572,0.074614,0.12714
-0.23469,0.082318,0.10433
-0.23383,0.077739,0.097775
-0.23406,0.076506,0.098546
-0.25043,0.086067,0.1003
-0.22856,0.070708,0.11267
-0.22878,0.070809,0.11238
-0.23452,0.082248,0.1047
-0.2572,0.074614,0.12714
-0.23442,0.082424,0.1038
-0.264,0.081178,0.1118
-0.23467,0.082188,0.10431
-0.25237,0.10348,0.11945
-0.23469,0.082318,0.10433
-0.23432,0.081987,0.10502
-0.22849,0.070004,0.11234
-0.26398,0.081037,0.11178
-0.25222,0.10318,0.11921
-0.23397,0.076602,0.098245
-0.23458,0.082203,0.10382
-0.23447,0.082025,0.10435
-0.23451,0.082798,0.10444
-0.22863,0.070829,0.11285
-0.22825,0.070274,0.11193
-0.25277,0.10168,0.12012
-0.239,0.070967,0.12756
-0.23434,0.081968,0.10443
-0.25716,0.074379,0.12722
-0.26395,0.081008,0.11161
-0.22853,0.070386,0.11277
-0.25238,0.10397,0.11943
-0.25044,0.086203,0.10032
-0.25719,0.074527,0.12712
-0.23451,0.082265,0.10412
-0.23419,0.081955,0.10464
-0.23932,0.070539,0.12733
-0.23402,0.075891,0.098228
-0.25248,0.10283,0.11919
-0.26403,0.08143,0.1118
-0.25223,0.10109,0.12034
-0.2286,0.070685,0.11284
-0.25234,0.10297,0.1194
-0.23932,0.070685,0.12722
-0.26396,0.080967,0.11176
-0.22876,0.069961,0.11234
-0.23392,0.076275,0.09825
-0.23945,0.069543,0.12718
-0.23432,0.082866,0.10406
-0.23431,0.082684,0.1042
-0.25235,0.1033,0.11939
-0.25734,0.071495,0.12595
-0.25234,0.10297,0.1194
-0.22825,0.070272,0.11193
-0.25232,0.10215,0.11941
-0.23397,0.076493,0.098278
-0.21717,0.079473,0.09744
-0.25256,0.10346,0.11946
-0.25225,0.10283,0.11904
-0.23951,0.071553,0.12732
-0.23928,0.071691,0.12704
-0.21712,0.078862,0.0971
-0.25733,0.07441,0.12653
-0.26403,0.08143,0.1118
-0.23945,0.068682,0.1271
-0.22881,0.070565,0.11272
-0.25233,0.10366,0.11961
-0.22863,0.070829,0.11285
-0.22852,0.070416,0.11269
-0.2347,0.083106,0.10482
-0.26406,0.08043,0.11174
-0.23428,0.082333,0.10456
-0.23458,0.082346,0.10399
-0.23932,0.070685,0.12722
-0.22875,0.070332,0.11267
-0.23406,0.076506,0.098546
-0.23437,0.081942,0.10414
-0.26393,0.080868,0.11159
-0.239,0.071634,0.12702
-0.2347,0.082305,0.10418
-0.25231,0.10332,0.11956
-0.2344,0.082293,0.10378
-0.22823,0.070347,0.11179
-0.25249,0.10349,0.11917
-0.23932,0.070685,0.12722
-0.23452,0.082408,0.10429
-0.23949,0.071476,0.12729
-0.25226,0.103,0.11904
-0.2572,0.074614,0.12714
-0.26389,0.080434,0.11171
-0.2288,0.070829,0.11249
-0.23914,0.072225,0.12674
-0.23423,0.081961,0.10464
-0.25232,0.10231,0.11941
-0.22887,0.071695,0.11281
-0.23437,0.082395,0.1045
-0.22862,0.067848,0.11204
-0.23935,0.070784,0.12738
-0.22835,0.07145,0.11302
-0.23435,0.082613,0.10475
-0.23433,0.081825,0.10426
-0.23426,0.078569,0.10582
-0.2342,0.075214,0.097696
-0.23467,0.082724,0.10391
-0.22855,0.070312,0.11291
-0.22846,0.070739,0.11238
-0.23383,0.07784,0.097656
-0.23426,0.082235,0.10483
-0.23454,0.081465,0.10421
-0.25233,0.10264,0.1194
-0.22823,0.070223,0.1119
-0.2344,0.082327,0.1042
-0.22895,0.071332,0.1127
-0.25259,0.099175,0.12071
-0.25226,0.10316,0.11903
-0.2344,0.082293,0.10378
-0.23437,0.081942,0.10414
-0.23383,0.07784,0.097656
-0.26396,0.080967,0.11176
-0.23955,0.0682,0.12679
-0.23436,0.082033,0.10373
-0.23383,0.077739,0.097775
-0.23971,0.071576,0.12708
-0.21725,0.079791,0.09752
-0.23932,0.070539,0.12733
-0.23447,0.081004,0.10416
-0.23428,0.082333,0.10456
-0.25251,0.10264,0.11902
-0.23423,0.082306,0.10428
-0.25253,0.10054,0.12057
-0.25251,0.10264,0.11902
-0.23433,0.081936,0.10413
-0.23467,0.082076,0.10443
-0.2289,0.07118,0.1126
-0.23393,0.077267,0.098339
-0.23932,0.070539,0.12733
-0.23917,0.07089,0.12716
-0.25234,0.10298,0.1194
-0.2288,0.071492,0.11268
-0.21711,0.078185,0.097194
-0.23419,0.081955,0.10464
-0.22874,0.069701,0.11241
-0.23455,0.082378,0.10472
-0.25245,0.10284,0.11871
-0.23463,0.08077,0.10404
-0.23432,0.081987,0.10502
-0.23453,0.082053,0.10365
-0.23406,0.077268,0.098705
-0.23405,0.077025,0.098305
-0.26398,0.081037,0.11178
-0.23429,0.08137,0.10421
-0.25233,0.10248,0.11941
-0.21718,0.079067,0.097126
-0.22846,0.070739,0.11238
-0.2346,0.082333,0.10384
-0.23456,0.082216,0.10397
-0.23442,0.082424,0.1038
-0.25723,0.074841,0.12726
-0.22876,0.070759,0.11235
-0.25715,0.074353,0.12707
-0.23906,0.072806,0.12722
-0.23945,0.069543,0.12718
-0.25249,0.10332,0.11917
-0.22878,0.070809,0.11238
-0.25265,0.10276,0.11958
-0.26386,0.080224,0.11167
-0.25248,0.10039,0.12075
-0.21704,0.078544,0.097015
-0.23964,0.070433,0.12686
-0.22874,0.069701,0.11241
-0.23439,0.082449,0.10507
-0.23397,0.076493,0.098278
-0.22853,0.070386,0.11277
-0.23907,0.071225,0.12759
-0.23434,0.081923,0.10399
-0.23903,0.073737,0.12715
-0.25222,0.10318,0.1192
-0.23932,0.070539,0.12733
-0.23932,0.070685,0.12722
-0.22838,0.070346,0.11234
-0.22822,0.070256,0.11182
-0.25712,0.074178,0.12702
-0.23454,0.083341,0.10495
-0.22838,0.070346,0.11234
-0.23932,0.070685,0.12722
-0.21725,0.079791,0.09752
-0.23399,0.076557,0.098321
-0.23393,0.077719,0.097297
-0.23955,0.0682,0.12679
-0.23961,0.071072,0.12701
-0.26391,0.081497,0.11126
-0.25263,0.10294,0.11911
-0.25243,0.10385,0.11886
-0.23919,0.071634,0.12665
-0.25232,0.10231,0.11941
-0.23387,0.076997,0.097736
-0.25255,0.10296,0.11948
-0.25208,0.10148,0.1204
-0.23467,0.083248,0.10426
-0.25232,0.10231,0.11941
-0.23434,0.081923,0.10399
-0.25249,0.10349,0.11917
-0.2391,0.068686,0.1276
-0.23433,0.081936,0.10413
-0.23579,0.091645,0.11939
-0.22881,0.071573,0.11263
-0.22877,0.071251,0.1131
-0.23447,0.082025,0.10435
-0.23419,0.081955,0.10464
-0.25237,0.10348,0.11945
-0.23443,0.081351,0.1037
-0.26395,0.081596,0.11144
-0.25234,0.10314,0.11939
-0.2395,0.071498,0.12742
-0.26395,0.081008,0.11161
-0.25217,0.10146,0.12003
-0.23416,0.081611,0.10447
-0.25233,0.10366,0.11961
-0.25248,0.10316,0.11918
-0.23452,0.082286,0.1044
-0.23933,0.07056,0.12746
-0.23432,0.081875,0.10515
-0.25237,0.10348,0.11945
-0.22822,0.070256,0.11182
-0.23475,0.082565,0.10423
-0.23395,0.07646,0.098257
-0.22876,0.070759,0.11235
-0.23919,0.07082,0.1273
-0.26403,0.08143,0.1118
-0.25233,0.10248,0.11941
-0.23899,0.072517,0.12722
-0.22856,0.069739,0.11375
-0.23945,0.069543,0.12718
-0.23932,0.070685,0.12722
-0.25232,0.10231,0.11941
-0.23919,0.07082,0.1273
-0.23957,0.070801,0.12702
-0.25044,0.086157,0.10032
-0.23437,0.082468,0.10468
-0.2172,0.078533,0.096564
-0.22863,0.071352,0.11315
-0.23456,0.082216,0.10397
-0.22852,0.069842,0.11251
-0.22887,0.071695,0.11281
-0.22831,0.070615,0.11194
-0.23429,0.081856,0.105
-0.25234,0.10314,0.11939
-0.25239,0.10285,0.11883
-0.25044,0.086203,0.10032
-0.23437,0.081942,0.10414
-0.26397,0.081148,0.11164
-0.23426,0.078569,0.10582
-0.25728,0.075076,0.12718
-0.23932,0.070539,0.12733
-0.22875,0.070332,0.11267
-0.26399,0.081108,0.11179
-0.22883,0.071594,0.11274
-0.22876,0.069961,0.11234
-0.25221,0.10301,0.11921
-0.26396,0.081078,0.11163
-0.25254,0.10312,0.11941
-0.23467,0.082188,0.10431
-0.2288,0.070829,0.11249
-0.23931,0.070518,0.1272
-0.23909,0.071691,0.1274
-0.22881,0.071573,0.11263
-0.23952,0.071576,0.12745
-0.23952,0.071576,0.12745
-0.23383,0.077739,0.097775
-0.22822,0.070255,0.11182
-0.26396,0.080967,0.11176
-0.25263,0.10015,0.12059
-0.25251,0.10264,0.11902
-0.22863,0.0695,0.11215
-0.23464,0.082594,0.10389
-0.23921,0.070897,0.12733
-0.23439,0.082306,0.10392
-0.22877,0.071251,0.1131
-0.26395,0.081008,0.11161
-0.23932,0.070685,0.12722
-0.23898,0.071557,0.12699
-0.23429,0.08137,0.10421
-0.25037,0.086212,0.1001
-0.23456,0.082216,0.10397
-0.23439,0.082449,0.10507
-0.23932,0.070685,0.12722
-0.23432,0.081987,0.10502
-0.22825,0.070272,0.11193
-0.22838,0.070346,0.11234
-0.26435,0.081192,0.11016
-0.23438,0.082163,0.10376
-0.2574,0.074614,0.12674
-0.23934,0.070763,0.12725
-0.2287,0.070827,0.11349
-0.25723,0.074841,0.12726
-0.22823,0.070223,0.1119
-0.23906,0.072806,0.12722
-0.23435,0.082066,0.10415
-0.2286,0.067798,0.11201
-0.23423,0.081961,0.10464
-0.23424,0.082404,0.10401
-0.23453,0.082395,0.10414
-0.23445,0.082818,0.10486
-0.25723,0.073835,0.12631
-0.22825,0.070272,0.11193
-0.23445,0.081744,0.10476
-0.2343,0.082077,0.10462
-0.23932,0.070539,0.12733
-0.23458,0.081687,0.1045
-0.25719,0.074527,0.12712
-0.24489,0.078549,0.16332
-0.25232,0.10382,0.11955
-0.2344,0.082327,0.1042
-0.2346,0.082333,0.10384
-0.2287,0.071695,0.11316
-0.23444,0.082017,0.10422
-0.23425,0.080049,0.10549
-0.23457,0.082243,0.10371
-0.25254,0.10312,0.11941
-0.239,0.070967,0.12756
-0.25244,0.103,0.11865
-0.23409,0.077014,0.098403
-0.22885,0.068572,0.11197
-0.23456,0.082216,0.10397
-0.22878,0.070809,0.11238
-0.25234,0.10314,0.11939
-0.23447,0.081954,0.10437
-0.23939,0.069194,0.12717
-0.23386,0.076875,0.098301
-0.23452,0.082286,0.1044
-0.22844,0.071302,0.11347
-0.25243,0.10385,0.11886
-0.26396,0.080967,0.11176
-0.25751,0.074373,0.12663
-0.23928,0.070385,0.12727
-0.26396,0.080967,0.11176
-0.25745,0.073998,0.12661
-0.23457,0.082579,0.10473
-0.23424,0.082404,0.10401
-0.2287,0.070663,0.11224
-0.23442,0.082424,0.1038
-0.23458,0.082203,0.10382
-0.26406,0.079844,0.11191
-0.23417,0.076997,0.097018
-0.26432,0.079384,0.11035
-0.25254,0.10312,0.11941
-0.21711,0.078185,0.097194
-0.23912,0.072147,0.12671
-0.22851,0.071614,0.11356
-0.23444,0.082638,0.10395
-0.23377,0.07738,0.097758
-0.25713,0.074265,0.12704
-0.23476,0.083695,0.10489
-0.25253,0.10295,0.11941
-0.23434,0.081812,0.10411
-0.23934,0.07204,0.12705
-0.23421,0.081942,0.1045
-0.26394,0.081526,0.11143
-0.25208,0.10148,0.1204
-0.23457,0.083569,0.10469
-0.26398,0.081218,0.11165
-0.25235,0.10282,0.11946
-0.25206,0.10339,0.11921
-0.23952,0.071722,0.12734
-0.25229,0.10367,0.11908
-0.22839,0.069144,0.11255
-0.22852,0.071695,0.11351
-0.22876,0.070759,0.11235
-0.21705,0.077328,0.097622
-0.26405,0.081571,0.11183
-0.23438,0.083607,0.1044
-0.22885,0.071645,0.11278
-0.2341,0.077014,0.096738
-0.22838,0.070346,0.11234
-0.27338,0.14499,-0.018419
-0.27416,0.14707,-0.016749
-0.2644,0.14893,-0.013331
-0.27366,0.14745,-0.017361
-0.27363,0.14597,-0.017867
-0.2645,0.14951,-0.012813
-0.2645,0.14906,-0.013173
-0.27363,0.14749,-0.017407
-0.26515,0.14877,-0.012737
-0.27407,0.14724,-0.016959
-0.27368,0.14733,-0.017411
-0.27543,0.1471,-0.015673
-0.27542,0.14722,-0.015625
-0.27408,0.14706,-0.016821
-0.26467,0.14898,-0.013196
-0.26476,0.14927,-0.012777
-0.27325,0.14623,-0.018058
-0.27381,0.14739,-0.017314
-0.26369,0.1477,-0.013932
-0.2737,0.14762,-0.017286
-0.26382,0.14841,-0.014018
-0.27447,0.14814,-0.01615
-0.27458,0.14883,-0.015611
-0.27381,0.14739,-0.017314
-0.2734,0.14634,-0.017716
-0.26495,0.14961,-0.0126
-0.27421,0.14663,-0.016813
-0.26396,0.1483,-0.013803
-0.27374,0.14807,-0.017148
-0.26487,0.14913,-0.012754
-0.27337,0.14511,-0.018369
-0.26448,0.14954,-0.012847
-0.27341,0.14556,-0.018233
-0.27373,0.14758,-0.01724
-0.27384,0.14735,-0.017267
-0.27359,0.14731,-0.017482
-0.26346,0.14711,-0.014131
-0.27359,0.14711,-0.017628
-0.27446,0.14827,-0.016217
-0.27404,0.14689,-0.016896
-0.27442,0.14863,-0.016046
-0.27363,0.14502,-0.018205
-0.26446,0.14753,-0.013809
-0.27346,0.146,-0.018197
-0.2643,0.14738,-0.013799
-0.27514,0.14701,-0.015923
-0.26471,0.14986,-0.01284
-0.27358,0.14558,-0.01809
-0.27437,0.14462,-0.017728
-0.2736,0.14717,-0.016969
-0.26404,0.14802,-0.014019
-0.27355,0.14695,-0.017289
-0.26387,0.14845,-0.014002
-0.26438,0.14753,-0.013861
-0.26431,0.14862,-0.013856
-0.2741,0.1472,-0.016913
-0.2738,0.14746,-0.017076
-0.27417,0.14758,-0.016591
-0.27438,0.14735,-0.016636
-0.27374,0.1472,-0.017246
-0.27374,0.14807,-0.017148
-0.27368,0.14782,-0.017319
-0.26397,0.14902,-0.013751
-0.27335,0.14664,-0.018223
-0.2637,0.14776,-0.014366
-0.27368,0.14733,-0.017411
-0.26458,0.1485,-0.013349
-0.2647,0.14947,-0.012722
-0.27451,0.14823,-0.015633
-0.27368,0.14733,-0.017411
-0.26457,0.14938,-0.012648
-0.27338,0.14664,-0.017803
-0.27421,0.14663,-0.016813
-0.26456,0.14874,-0.013055
-0.26399,0.14818,-0.013463
-0.27358,0.14497,-0.018231
-0.27436,0.1476,-0.016653
-0.27323,0.14484,-0.018613
-0.26408,0.14886,-0.013147
-0.26447,0.1489,-0.013254
-0.27348,0.1457,-0.018111
-0.26487,0.14913,-0.012754
-0.27399,0.14723,-0.017031
-0.26503,0.14711,-0.013534
-0.27399,0.14723,-0.017031
-0.27359,0.14731,-0.017482
-0.26401,0.14754,-0.013954
-0.26395,0.14753,-0.0136
-0.26475,0.14668,-0.013858
-0.27413,0.14739,-0.016733
-0.27446,0.14827,-0.016217
-0.26456,0.14688,-0.014355
-0.27463,0.14759,-0.016272
-0.27371,0.14503,-0.018134
-0.26469,0.14834,-0.013218
-0.27421,0.14663,-0.016813
-0.2738,0.14746,-0.017076
-0.27359,0.14731,-0.017482
-0.26365,0.14757,-0.014222
-0.26397,0.14902,-0.013751
-0.27342,0.14678,-0.018102
-0.26365,0.14757,-0.014222
-0.27377,0.14776,-0.017165
-0.26402,0.14805,-0.014053
-0.26379,0.14844,-0.014052
-0.27347,0.145,-0.018348
-0.27435,0.14767,-0.016417
-0.27411,0.14702,-0.016774
-0.27389,0.1474,-0.017242
-0.26366,0.14801,-0.013899
-0.27344,0.14552,-0.018187
-0.27311,0.14627,-0.01797
-0.26469,0.14834,-0.013218
-0.27471,0.14786,-0.015796
-0.26393,0.14753,-0.014005
-0.27359,0.14644,-0.01758
-0.27408,0.14706,-0.016821
-0.27395,0.14678,-0.017168
-0.26395,0.14753,-0.0136
-0.27393,0.14718,-0.017057
-0.27451,0.14823,-0.015633
-0.27391,0.14722,-0.017103
-0.27463,0.14965,-0.015119
-0.27445,0.14476,-0.017606
-0.26495,0.14961,-0.0126
-0.26505,0.14971,-0.012451
-0.2646,0.14932,-0.012986
-0.2737,0.14762,-0.017286
-0.27376,0.14701,-0.017213
-0.27354,0.147,-0.017465
-0.26408,0.14886,-0.013147
-0.27415,0.14725,-0.016887
-0.26388,0.14854,-0.013903
-0.27446,0.14827,-0.016217
-0.27452,0.14914,-0.016014
-0.26459,0.14918,-0.012919
-0.2646,0.14949,-0.012727
-0.27543,0.1471,-0.015673
-0.26488,0.14985,-0.012703
-0.27374,0.14725,-0.017435
-0.27381,0.14739,-0.017314
-0.26404,0.14805,-0.013647
-0.27373,0.14671,-0.017337
-0.27358,0.14744,-0.017432
-0.2643,0.14738,-0.013799
-0.26385,0.1483,-0.013678
-0.27376,0.14734,-0.017339
-0.27344,0.14636,-0.017548
-0.26467,0.14936,-0.012562
-0.27403,0.14679,-0.017097
-0.27328,0.14489,-0.018587
-0.26476,0.14879,-0.013101
-0.26399,0.14902,-0.013346
-0.27358,0.14497,-0.018231
-0.27353,0.1469,-0.017665
-0.27495,0.14702,-0.016118
-0.27368,0.14696,-0.017004
-0.2641,0.14883,-0.013114
-0.27358,0.14744,-0.017432
-0.26503,0.14711,-0.013534
-0.27519,0.14706,-0.015896
-0.27353,0.1469,-0.017665
-0.27467,0.14777,-0.016197
-0.27358,0.1471,-0.017484
-0.27374,0.14807,-0.017148
-0.2733,0.14498,-0.018491
-0.26453,0.14877,-0.01309
-0.26416,0.14786,-0.013415
-0.2737,0.14762,-0.017286
-0.26361,0.14772,-0.013866
-0.27365,0.14757,-0.017311
-0.26397,0.14902,-0.013751
-0.27363,0.14749,-0.017407
-0.26387,0.14845,-0.014002
-0.26399,0.14902,-0.013346
-0.27368,0.14727,-0.017222
-0.27445,0.14441,-0.017887
-0.26387,0.14845,-0.014002
-0.27441,0.14826,-0.015869
-0.2734,0.14634,-0.017716
-0.2643,0.14738,-0.013799
-0.2736,0.14704,-0.017544
-0.26379,0.14844,-0.014052
-0.26397,0.14902,-0.013751
-0.26459,0.14935,-0.012614
-0.26417,0.14802,-0.013739
-0.27463,0.14958,-0.015349
-0.27386,0.14766,-0.017037
-0.26365,0.14738,-0.014256
-0.27407,0.14724,-0.016959
-0.26442,0.14913,-0.013018
-0.26447,0.1489,-0.013254
-0.27373,0.14758,-0.01724
-0.26403,0.14882,-0.013164
-0.26379,0.14844,-0.014052
-0.26387,0.14845,-0.014002
-0.27311,0.14627,-0.01797
-0.27384,0.14735,-0.017267
-0.26482,0.14947,-0.012767
-0.26532,0.14935,-0.012434
-0.26458,0.14867,-0.012877
-0.26475,0.14668,-0.013858
-0.27386,0.14766,-0.017037
-0.26453,0.14903,-0.013139
-0.27386,0.14766,-0.017037
-0.26458,0.14952,-0.012762
-0.26483,0.14892,-0.012986
-0.26419,0.14862,-0.013751
-0.27399,0.14723,-0.017031
-0.27472,0.14782,-0.016171
-0.27546,0.14755,-0.015535
-0.27404,0.14689,-0.016896
-0.26417,0.14858,-0.013363
-0.26341,0.1474,-0.014618
-0.27463,0.14958,-0.015349
-0.27438,0.14735,-0.016636
-0.26399,0.14831,-0.01382
-0.27422,0.14739,-0.016766
-0.27463,0.14958,-0.015349
-0.27384,0.14735,-0.017267
-0.27359,0.14644,-0.01758
-0.2639,0.14889,-0.013866
-0.27415,0.14504,-0.017727
-0.27355,0.14665,-0.017764
-0.27378,0.14676,-0.017531
-0.27391,0.1466,-0.017243
-0.26404,0.14802,-0.014019
-0.26399,0.14818,-0.013463
-0.27402,0.14719,-0.016985
-0.27363,0.14502,-0.018205
-0.26365,0.14757,-0.014222
-0.26499,0.14915,-0.012721
-0.27424,0.14708,-0.016676
-0.26364,0.14797,-0.014103
-0.26394,0.14863,-0.013961
-0.26355,0.14728,-0.014404
-0.27476,0.14945,-0.01486
-0.26397,0.14902,-0.013751
-0.27411,0.14702,-0.016774
-0.27472,0.14782,-0.016171
-0.27394,0.14679,-0.017064
-0.27464,0.14781,-0.016243
-0.26482,0.14972,-0.012818
-0.26417,0.14802,-0.013739
-0.27373,0.14671,-0.017337
-0.26404,0.14802,-0.014019
-0.2645,0.14647,-0.014523
-0.27392,0.14709,-0.017153
-0.27422,0.14703,-0.016282
-0.26463,0.14854,-0.013332
-0.27408,0.14712,-0.017009
-0.27368,0.14688,-0.017229
-0.26476,0.14879,-0.013101
-0.27363,0.14689,-0.017443
-0.26459,0.14918,-0.012919
-0.26479,0.14975,-0.012852
-0.26466,0.14778,-0.013714
-0.26458,0.14952,-0.012762
-0.26447,0.1489,-0.013254
-0.2648,0.14923,-0.012965
-0.27413,0.14739,-0.016733
-0.27341,0.14556,-0.018233
-0.27393,0.14718,-0.017057
-0.27514,0.14701,-0.015923
-0.27371,0.1469,-0.017372
-0.27376,0.14695,-0.017346
-0.27367,0.14717,-0.017423
-0.2648,0.14903,-0.012497
-0.27363,0.14689,-0.017443
-0.26405,0.14764,-0.014034
-0.27363,0.14748,-0.01729
-0.2733,0.14498,-0.018491
-0.26456,0.14688,-0.014355
-0.27393,0.14718,-0.017057
-0.26394,0.1477,-0.013747
-0.27373,0.14758,-0.01724
-0.2647,0.14822,-0.013578
-0.27441,0.14826,-0.015869
-0.265,0.14875,-0.012841
-0.26495,0.14961,-0.0126
-0.26458,0.14952,-0.012762
-0.26459,0.14935,-0.012614
-0.27435,0.14767,-0.016417
-0.27408,0.14734,-0.016759
-0.26476,0.14879,-0.013101
-0.27469,0.14786,-0.016217
-0.26411,0.14857,-0.013751
-0.26401,0.14899,-0.013312
-0.2646,0.14932,-0.012986
-0.26414,0.14786,-0.01382
-0.27439,0.14844,-0.016007
-0.27466,0.14954,-0.015302
-0.26388,0.14829,-0.013854
-0.26397,0.14902,-0.013751
-0.27376,0.14734,-0.017339
-0.26451,0.14894,-0.013237
-0.27363,0.14749,-0.017407
-0.26465,0.14953,-0.01271
-0.26463,0.14854,-0.013332
-0.27471,0.14786,-0.015796
-0.27349,0.146,-0.017778
-0.27339,0.14587,-0.018319
-0.27338,0.14672,-0.017578
-0.27375,0.14795,-0.017198
-0.26382,0.14772,-0.014236
-0.27478,0.14808,-0.016
-0.26402,0.14805,-0.014053
-0.27395,0.14705,-0.017107
-0.26404,0.14802,-0.014019
-0.27344,0.14636,-0.017548
-0.27366,0.14719,-0.017318
-0.26483,0.14892,-0.012986
-0.26451,0.14894,-0.013237
-0.26361,0.14769,-0.013981
-0.27358,0.1471,-0.017484
-0.27392,0.14703,-0.017286
-0.26486,0.14904,-0.012852
-0.27463,0.14958,-0.015349
-0.274,0.14798,-0.016982
-0.27478,0.14801,-0.015509
-0.27463,0.14965,-0.015119
-0.27348,0.1457,-0.018111
-0.27374,0.14807,-0.017148
-0.27361,0.14691,-0.017594
-0.26408,0.14886,-0.013147
-0.26409,0.14806,-0.014002
-0.26487,0.14913,-0.012754
-0.2645,0.14906,-0.013173
-0.27366,0.14719,-0.017318
-0.26483,0.14892,-0.012986
-0.27385,0.14717,-0.017129
-0.27345,0.14686,-0.017457
-0.2647,0.14947,-0.012722
-0.26456,0.14688,-0.014355
-0.27381,0.14645,-0.017545
-0.26438,0.14753,-0.013861
-0.27368,0.14733,-0.017411
-0.27414,0.14762,-0.016638
-0.26502,0.14974,-0.012485
-0.26394,0.14898,-0.013363
-0.2641,0.14883,-0.013114
-0.27399,0.14723,-0.017031
-0.26462,0.14887,-0.01294
-0.27407,0.14724,-0.016959
-0.27348,0.1457,-0.018111
-0.26465,0.14953,-0.01271
-0.26461,0.14553,-0.01467
-0.26338,0.14769,-0.014714
-0.2649,0.14903,-0.012978
-0.27358,0.14497,-0.018231
-0.26483,0.14892,-0.012986
-0.2737,0.14762,-0.017286
-0.27457,0.14767,-0.016365
-0.2738,0.14657,-0.017495
-0.26453,0.14877,-0.01309
-0.26488,0.14985,-0.012703
-0.27346,0.146,-0.018197
-0.27366,0.14719,-0.017318
-0.26499,0.1493,-0.012622
-0.27463,0.14965,-0.015119
-0.27347,0.14655,-0.017369
-0.27328,0.14528,-0.018577
-0.26476,0.14879,-0.013101
-0.27348,0.1457,-0.018111
-0.26476,0.14879,-0.013101
-0.27377,0.14716,-0.0172
-0.26408,0.14886,-0.013147
-0.27419,0.14703,-0.016702
-0.26482,0.14947,-0.012767
-0.2647,0.14914,-0.012892
-0.26382,0.14841,-0.014018
-0.27381,0.14645,-0.017545
-0.27384,0.14735,-0.017267
-0.26499,0.14918,-0.012685
-0.26379,0.14844,-0.014052
-0.27324,0.14614,-0.018256
-0.27339,0.14587,-0.018319
-0.26394,0.14898,-0.013363
-0.26443,0.14815,-0.013678
-0.26476,0.14879,-0.013101
-0.2736,0.14717,-0.016969
-0.27424,0.14708,-0.016676
-0.27393,0.14718,-0.017057
-0.2008,0.16062,0.056039
-0.20109,0.15964,0.055389
-0.18482,0.1509,0.061589
-0.20721,0.17326,0.068121
-0.20131,0.15929,0.055346
-0.20103,0.15997,0.055903
-0.20406,0.16691,0.051988
-0.20404,0.16632,0.051675
-0.18482,0.1509,0.061589
-0.20395,0.16589,0.051785
-0.18482,0.1509,0.061589
-0.20108,0.15986,0.055909
-0.18128,0.16817,0.021652
-0.1862,0.16053,0.048016
-0.20097,0.15952,0.055856
-0.18114,0.16784,0.021686
-0.20821,0.16139,0.062846
-0.18482,0.1509,0.061589
-0.20083,0.16016,0.055909
-0.204,0.16624,0.051473
-0.19521,0.17717,0.013709
-0.181,0.16892,0.021775
-0.18478,0.15083,0.061502
-0.208,0.161,0.062031
-0.20131,0.15933,0.055102
-0.1863,0.1612,0.048421
-0.20133,0.159,0.054997
-0.19498,0.17776,0.014213
-0.18698,0.1591,0.047764
-0.18474,0.15094,0.061917
-0.20722,0.17308,0.068208
-0.1848,0.15087,0.061545
-0.20099,0.15959,0.055655
-0.20091,0.15977,0.056032
-0.20081,0.16012,0.055867
-0.20709,0.17344,0.068849
-0.20108,0.15986,0.055909
-0.20802,0.16147,0.063803
-0.20822,0.16165,0.062988
-0.18107,0.1689,0.021883
-0.20406,0.16676,0.052181
-0.20406,0.16679,0.051926
-0.20139,0.159,0.055098
-0.20103,0.15973,0.055782
-0.18476,0.15121,0.061607
-0.20406,0.16691,0.051988
-0.2073,0.1734,0.067862
-0.18103,0.16877,0.021786
-0.18475,0.15045,0.061323
-0.2073,0.1734,0.067862
-0.20414,0.16691,0.051675
-0.20104,0.1596,0.055755
-0.20726,0.17301,0.069379
-0.18477,0.15097,0.06196
-0.18119,0.16775,0.021744
-0.18622,0.16043,0.048007
-0.18482,0.1509,0.061589
-0.18102,0.16844,0.021653
-0.20725,0.17272,0.067884
-0.20708,0.17358,0.068908
-0.18134,0.16842,0.021844
-0.18083,0.1687,0.021846
-0.20406,0.16691,0.051988
-0.18128,0.16817,0.021652
-0.19498,0.17741,0.014063
-0.18477,0.1509,0.061515
-0.20705,0.1733,0.067855
-0.18486,0.15097,0.061677
-0.20803,0.16173,0.063945
-0.20733,0.17314,0.067624
-0.201,0.15955,0.055203
-0.20108,0.15931,0.055694
-0.20733,0.17314,0.067624
-0.18484,0.15094,0.061633
-0.18128,0.16817,0.021653
-0.20801,0.16121,0.062421
-0.20733,0.17299,0.067684
-0.20702,0.17436,0.068941
-0.18477,0.1509,0.061515
-0.18115,0.16817,0.021819
-0.18481,0.15056,0.061454
-0.20412,0.16695,0.051536
-0.207,0.17385,0.068091
-0.18608,0.16106,0.048067
-0.20145,0.15918,0.055268
-0.20732,0.17327,0.067683
-0.20403,0.16786,0.053213
-0.18477,0.1509,0.061515
-0.20403,0.1662,0.051611
-0.2071,0.1735,0.068734
-0.1848,0.15087,0.061545
-0.20131,0.15933,0.055102
-0.18616,0.16026,0.04778
-0.18619,0.16023,0.047891
-0.18089,0.16865,0.021859
-0.20404,0.16644,0.051737
-0.20406,0.16679,0.051926
-0.18484,0.15094,0.061633
-0.20133,0.15896,0.055241
-0.18133,0.16863,0.021883
-0.18138,0.16855,0.021942
-0.18471,0.15121,0.061964
-0.18618,0.16044,0.047958
-0.18627,0.16071,0.04818
-0.18096,0.16846,0.021546
-0.18623,0.16022,0.04794
-0.18621,0.16011,0.047944
-0.20733,0.17299,0.067684
-0.20711,0.17322,0.068585
-0.20725,0.17281,0.068089
-0.20728,0.17362,0.068126
-0.20395,0.16756,0.052442
-0.2082,0.16126,0.062775
-0.20107,0.15959,0.055347
-0.20104,0.1596,0.055755
-0.20733,0.17304,0.067419
-0.20731,0.17335,0.068008
-0.18121,0.16824,0.021587
-0.20821,0.16139,0.062846
-0.20095,0.15964,0.055596
-0.20095,0.15951,0.055569
-0.20725,0.17281,0.068089
-0.1862,0.15986,0.047373
-0.18473,0.1509,0.061873
-0.20808,0.1607,0.063055
-0.18621,0.16007,0.047378
-0.20407,0.16734,0.052191
-0.20406,0.16691,0.051988
-0.19486,0.17748,0.01358
-0.20127,0.15916,0.055219
-0.20406,0.16691,0.051988
-0.20835,0.16077,0.063269
-0.20406,0.16691,0.051988
-0.18473,0.1509,0.061873
-0.18622,0.16043,0.048007
-0.20435,0.16683,0.052078
-0.18609,0.15979,0.047489
-0.20108,0.15931,0.055694
-0.20822,0.16165,0.062988
-0.20405,0.16625,0.051661
-0.20131,0.15929,0.055346
-0.20725,0.17272,0.067884
-0.18134,0.16842,0.021844
-0.20787,0.16234,0.063316
-0.20087,0.15982,0.055563
-0.20395,0.16589,0.051785
-0.2071,0.17335,0.068644
-0.20403,0.16786,0.053213
-0.20406,0.16679,0.051926
-0.20405,0.16656,0.0518
-0.2009,0.1596,0.055962
-0.20109,0.1599,0.055951
-0.20414,0.16679,0.051612
-0.20732,0.17327,0.067683
-0.18619,0.16023,0.047891
-0.1864,0.16165,0.048822
-0.20725,0.17281,0.068089
-0.20711,0.17322,0.068585
-0.1848,0.15087,0.061545
-0.20808,0.16087,0.06288
-0.20776,0.16153,0.062422
-0.20404,0.1681,0.053338
-0.20377,0.16749,0.052115
-0.20097,0.15955,0.055613
-0.20104,0.15935,0.055635
-0.20078,0.16016,0.055808
-0.20082,0.16012,0.055867
-0.18125,0.16836,0.021688
-0.20137,0.15929,0.055447
-0.20379,0.1681,0.053197
-0.20731,0.17335,0.068008
-0.18107,0.16858,0.02175
-0.18484,0.15094,0.061633
-0.1862,0.16053,0.048016
-0.18612,0.15998,0.047605
-0.18494,0.15112,0.061852
-0.2082,0.16126,0.062775
-0.18628,0.16083,0.04799
-0.20109,0.15926,0.055242
-0.18619,0.16015,0.047771
-0.20809,0.1613,0.063084
-0.19539,0.17768,0.014492
-0.20133,0.15896,0.055241
-0.18611,0.16125,0.048183
-0.18478,0.15083,0.061502
-0.20102,0.15968,0.05574
-0.18636,0.15979,0.047947
-0.18146,0.16722,0.02074
-0.20722,0.17308,0.068208
-0.19503,0.17759,0.014135
-0.20414,0.16691,0.051675
-0.20406,0.16679,0.051926
-0.20745,0.1727,0.067218
-0.20689,0.17398,0.068467
-0.18633,0.16139,0.048537
-0.20794,0.16174,0.062837
-0.1848,0.15087,0.061545
-0.20776,0.16153,0.062422
-0.18612,0.15998,0.047605
-0.20778,0.16178,0.062565
-0.18482,0.1509,0.061589
-0.20102,0.15968,0.055739
-0.20418,0.16613,0.052633
-0.20407,0.16734,0.052191
-0.20102,0.15968,0.05574
-0.20711,0.17301,0.069258
-0.20404,0.16632,0.051675
-0.18475,0.15045,0.061323
-0.18528,0.15051,0.061232
-0.20109,0.15964,0.055389
-0.18474,0.15094,0.061917
-0.20406,0.16691,0.051988
-0.20414,0.16691,0.051675
-0.18479,0.15094,0.061559
-0.20711,0.17322,0.068585
-0.18473,0.15083,0.061428
-0.18477,0.1509,0.061515
-0.20823,0.16229,0.063138
-0.1862,0.16101,0.048591
-0.18471,0.15087,0.061829
-0.20791,0.16113,0.062422
-0.18629,0.16113,0.049113
-0.204,0.16624,0.051472
-0.20822,0.16165,0.062988
-0.1847,0.15094,0.061843
-0.20405,0.16667,0.051863
-0.20808,0.16074,0.062808
-0.20712,0.17288,0.069199
-0.18479,0.15117,0.061637
-0.18477,0.15097,0.06196
-0.20414,0.16691,0.051675
-0.18623,0.16022,0.04794
-0.18634,0.16118,0.048469
-0.20406,0.16682,0.05167
-0.20733,0.17304,0.067419
-0.20128,0.15921,0.055261
-0.20405,0.16656,0.0518
-0.20811,0.16161,0.063111
-0.20083,0.16016,0.055909
-0.20101,0.16006,0.055887
-0.18648,0.15927,0.047298
-0.20808,0.16074,0.062808
-0.20699,0.17464,0.069058
-0.20801,0.16121,0.062421
-0.20733,0.17214,0.06914
-0.20406,0.16691,0.051988
-0.18098,0.16885,0.021727
-0.18474,0.15094,0.061917
-0.20745,0.1727,0.067218
-0.20404,0.16644,0.051738
-0.20133,0.15896,0.055241
-0.20407,0.1664,0.051876
-0.18495,0.15139,0.061974
-0.20414,0.16691,0.051675
-0.18473,0.1509,0.061873
-0.18636,0.16138,0.048583
-0.20796,0.1617,0.062846
-0.18482,0.1509,0.061589
-0.20079,0.16003,0.055783
-0.18481,0.15121,0.061681
-0.20414,0.16694,0.051419
-0.18473,0.15124,0.062008
-0.20103,0.15973,0.055782
-0.1814,0.16862,0.02199
-0.20709,0.17355,0.068588
-0.20396,0.16725,0.052302
-0.20402,0.16781,0.053166
-0.20763,0.1727,0.06891
-0.18482,0.1509,0.061589
-0.20808,0.16082,0.063127
-0.1861,0.16145,0.048251
-0.1813,0.16824,0.0217
-0.18105,0.16851,0.021701
-0.18482,0.1509,0.061589
-0.20808,0.16053,0.062994
-0.20404,0.16632,0.051675
-0.208,0.16113,0.062102
-0.18636,0.16187,0.048779
-0.20127,0.15916,0.055219
-0.18477,0.1509,0.061515
-0.18133,0.16863,0.021882
-0.20821,0.16139,0.062846
-0.20795,0.16114,0.062572
-0.18473,0.1509,0.061873
-0.18625,0.16061,0.048123
-0.2073,0.17349,0.068067
-0.20733,0.17304,0.067419
-0.18602,0.16068,0.047835
-0.18135,0.16816,0.02176
-0.18482,0.1509,0.061589
-0.208,0.16113,0.062102
-0.20405,0.16667,0.051863
-0.20408,0.16675,0.052065
-0.20808,0.16104,0.063074
-0.20775,0.16131,0.062031
-0.20123,0.15929,0.055655
-0.20808,0.1607,0.063055
-0.1848,0.15087,0.061545
-0.20401,0.16554,0.051283
-0.18494,0.15112,0.061852
-0.20396,0.16737,0.052364
-0.20713,0.17294,0.068467
-0.20131,0.15929,0.055346
-0.18132,0.16831,0.021749
-0.20406,0.16679,0.051926
-0.18486,0.15097,0.061677
-0.20102,0.15968,0.05574
-0.20093,0.15965,0.056293
-0.20104,0.1596,0.055755
-0.20093,0.15965,0.056293
-0.18627,0.16101,0.048305
-0.18118,0.16838,0.021581
-0.20109,0.15964,0.055389
-0.20808,0.16053,0.062994
-0.20405,0.16667,0.051863
-0.20802,0.16147,0.063803
-0.20404,0.16632,0.051674
-0.20821,0.16139,0.062846
-0.20378,0.16828,0.053276
-0.20408,0.16675,0.052065
-0.2073,0.17349,0.068067
-0.18615,0.15995,0.047717
-0.20722,0.17313,0.068062
-0.2013,0.15887,0.055156
-0.18482,0.1509,0.061589
-0.20131,0.15933,0.055102
-0.20404,0.16662,0.051813
-0.20786,0.16179,0.063041
-0.20777,0.16165,0.062494
-0.1848,0.15087,0.061545
-0.18624,0.1603,0.048062
-0.20414,0.16694,0.051419
-0.20107,0.15959,0.055347
-0.20083,0.16016,0.055909
-0.20712,0.17288,0.069199
-0.20689,0.17413,0.068558
-0.20145,0.15918,0.055268
-0.18614,0.15983,0.048043
-0.18473,0.1509,0.061873
-0.20709,0.17344,0.068849
-0.20436,0.16477,0.050907
-0.19682,0.14396,0.059411
-0.1848,0.15087,0.061545
-0.20767,0.16153,0.062741
-0.18128,0.16817,0.021653
-0.20733,0.17299,0.067684
-0.181,0.16892,0.021776
-0.18115,0.16762,0.021646
-0.20706,0.17359,0.067833
-0.20786,0.1617,0.063165
-0.181,0.16892,0.021776
-0.20404,0.16644,0.051738
-0.20093,0.1596,0.055553
-0.1848,0.15087,0.061545
-0.20403,0.1662,0.051611
-0.20454,0.16511,0.051222
-0.20398,0.16616,0.052063
-0.20731,0.17335,0.068008
-0.18627,0.16073,0.047933
-0.20821,0.16139,0.062846
-0.18473,0.1509,0.061873
-0.18121,0.16819,0.021545
-0.20414,0.16691,0.051675
-0.20406,0.16616,0.051751
-0.18616,0.16052,0.04835
-0.20734,0.17285,0.067477
-0.20824,0.16032,0.061524
-0.18482,0.1509,0.061589
-0.18119,0.16775,0.021744
-0.2082,0.16126,0.062775
-0.18625,0.16061,0.048123
-0.20414,0.16691,0.051675
-0.20776,0.16153,0.062422
-0.20778,0.16191,0.062637
-0.20133,0.15934,0.055388
-0.18473,0.1509,0.061873
-0.20404,0.16632,0.051674
-0.20776,0.16153,0.062422
-0.18619,0.16023,0.047891
-0.20079,0.1602,0.05585
-0.18487,0.15132,0.061812
-0.20812,0.16194,0.063441
-0.20414,0.16691,0.051675
-0.19973,0.084183,0.061321
-0.19987,0.08222,0.06118
-0.23743,0.080066,0.064591
-0.21834,0.089347,0.064582
-0.21411,0.085466,0.024612
-0.21835,0.088391,0.064921
-0.23739,0.079624,0.064686
-0.21477,0.084153,0.02581
-0.2201,0.075853,0.069961
-0.19956,0.083548,0.061095
-0.21794,0.086444,0.06442
-0.23846,0.10678,0.078188
-0.22195,0.098001,0.077926
-0.21411,0.085104,0.024718
-0.23742,0.079864,0.064612
-0.19981,0.082582,0.061088
-0.1998,0.08449,0.061284
-0.21421,0.085559,0.024776
-0.2373,0.079877,0.064149
-0.22,0.07579,0.070251
-0.21821,0.085787,0.063714
-0.21989,0.077131,0.069985
-0.23722,0.079962,0.064538
-0.22184,0.09803,0.078445
-0.22226,0.096472,0.078754
-0.2181,0.087146,0.064576
-0.22198,0.096921,0.077672
-0.23725,0.079706,0.064098
-0.23745,0.079189,0.064857
-0.23883,0.1063,0.077206
-0.23732,0.079545,0.064858
-0.22188,0.09711,0.079764
-0.21841,0.086714,0.065052
-0.21989,0.077131,0.069985
-0.19982,0.084497,0.061401
-0.22027,0.076501,0.070101
-0.19972,0.082271,0.061006
-0.22023,0.076229,0.070109
-0.21811,0.087153,0.064722
-0.22007,0.075778,0.069931
-0.19961,0.082588,0.060868
-0.23902,0.10434,0.074943
-0.23842,0.10714,0.077823
-0.21831,0.084844,0.064747
-0.23726,0.07844,0.064583
-0.23884,0.10662,0.077211
-0.21409,0.08502,0.024693
-0.23753,0.080089,0.064572
-0.21411,0.085104,0.024718
-0.23771,0.080412,0.065117
-0.22189,0.097059,0.079937
-0.21811,0.087153,0.064722
-0.19987,0.083108,0.062012
-0.22015,0.076003,0.070021
-0.21474,0.084059,0.025657
-0.19955,0.082272,0.060841
-0.23728,0.079792,0.064123
-0.22024,0.076426,0.070071
-0.21402,0.085011,0.024554
-0.23858,0.10622,0.076642
-0.23722,0.079962,0.064538
-0.21785,0.087402,0.063855
-0.22031,0.076515,0.070224
-0.2199,0.077069,0.070077
-0.20563,0.076865,0.058585
-0.23739,0.079673,0.064564
-0.21996,0.076032,0.069575
-0.2374,0.079019,0.064807
-0.22009,0.076468,0.069748
-0.21839,0.085303,0.064805
-0.22022,0.07635,0.070042
-0.21409,0.08502,0.024693
-0.2176,0.087059,0.063465
-0.23725,0.079706,0.064098
-0.23749,0.079527,0.064739
-0.19982,0.084497,0.061401
-0.19945,0.082826,0.060714
-0.21839,0.088642,0.064821
-0.22191,0.098481,0.079121
-0.21826,0.085476,0.064512
-0.23746,0.079833,0.064497
-0.22021,0.072084,0.069584
-0.23732,0.079962,0.064174
-0.23755,0.08034,0.064814
-0.19994,0.085023,0.061483
-0.19986,0.084608,0.061545
-0.21824,0.08505,0.065238
-0.21814,0.087282,0.064745
-0.21993,0.075403,0.069781
-0.21416,0.085029,0.024832
-0.19948,0.082886,0.060869
-0.21996,0.077219,0.070137
-0.21832,0.088324,0.064745
-0.21409,0.085009,0.024563
-0.22188,0.09711,0.079764
-0.19973,0.082369,0.060916
-0.23881,0.10662,0.07715
-0.2387,0.10668,0.077289
-0.21835,0.088391,0.064921
-0.21981,0.077473,0.070107
-0.19961,0.083659,0.061239
-0.23902,0.10434,0.074943
-0.23868,0.10595,0.07587
-0.23746,0.079392,0.064836
-0.22023,0.076229,0.070109
-0.2387,0.10668,0.077289
-0.2201,0.075853,0.069961
-0.19951,0.083034,0.060769
-0.19955,0.08303,0.060825
-0.22185,0.096741,0.079887
-0.2201,0.075853,0.069961
-0.23746,0.079834,0.064496
-0.2184,0.08865,0.064966
-0.21998,0.073776,0.069757
-0.21409,0.08502,0.024693
-0.21411,0.085104,0.024718
-0.21981,0.076646,0.070026
-0.19961,0.082588,0.060868
-0.2185,0.08582,0.0649
-0.21816,0.087477,0.064613
-0.21839,0.085303,0.064805
-0.21396,0.08534,0.024694
-0.21835,0.088391,0.064921
-0.19985,0.084602,0.061427
-0.21819,0.087542,0.064792
-0.23737,0.079979,0.064323
-0.23868,0.10633,0.076867
-0.23871,0.10621,0.076097
-0.23879,0.10513,0.075537
-0.22003,0.075506,0.069941
-0.21413,0.085307,0.024702
-0.19981,0.082537,0.061215
-0.19975,0.082375,0.061033
-0.22003,0.075506,0.069941
-0.21817,0.087483,0.064759
-0.21828,0.084188,0.065047
-0.21411,0.085104,0.024718
-0.22185,0.096741,0.079887
-0.23748,0.080261,0.064985
-0.22186,0.09692,0.078012
-0.22015,0.076062,0.070045
-0.21779,0.086102,0.063695
-0.22199,0.096759,0.079419
-0.21411,0.085104,0.024718
-0.19959,0.082583,0.060751
-0.23842,0.10696,0.077642
-0.19965,0.083831,0.061485
-0.21783,0.086746,0.064153
-0.21414,0.085177,0.024612
-0.21401,0.083852,0.024007
-0.21811,0.087152,0.064721
-0.22009,0.07474,0.069761
-0.23868,0.10617,0.076864
-0.23741,0.078289,0.064537
-0.19954,0.083138,0.060797
-0.21842,0.085432,0.064829
-0.21406,0.084937,0.024668
-0.21838,0.08852,0.064944
-0.21814,0.087354,0.064735
-0.22018,0.076078,0.07005
-0.21411,0.085105,0.024716
-0.23884,0.10679,0.077214
-0.23764,0.080684,0.064912
-0.21411,0.085105,0.024716
-0.19971,0.083865,0.060816
-0.21842,0.085432,0.064829
-0.22004,0.07683,0.070439
-0.21834,0.085905,0.065872
-0.23869,0.10585,0.077094
-0.22027,0.076501,0.070101
-0.21766,0.086427,0.063695
-0.21986,0.076738,0.070203
-0.19983,0.084504,0.061518
-0.21985,0.076659,0.070149
-0.2185,0.08582,0.0649
-0.1997,0.082266,0.060889
-0.22003,0.074649,0.069587
-0.23893,0.105,0.075327
-0.22195,0.098001,0.077926
-0.1997,0.082266,0.060889
-0.21806,0.086894,0.064675
-0.21824,0.087801,0.064838
-0.23756,0.079734,0.064935
-0.23868,0.10617,0.076864
-0.22172,0.096847,0.079269
-0.21839,0.085303,0.064805
-0.19967,0.084549,0.061227
-0.23744,0.079698,0.064593
-0.19981,0.082854,0.062085
-0.2388,0.10596,0.077142
-0.23883,0.10646,0.077209
-0.22024,0.076426,0.070071
-0.1997,0.082221,0.061015
-0.23739,0.079624,0.064686
-0.23733,0.078763,0.064731
-0.23745,0.079189,0.064857
-0.2201,0.075853,0.069961
-0.21842,0.088843,0.064837
-0.21834,0.088383,0.064776
-0.21771,0.087647,0.063551
-0.21763,0.087187,0.06349
-0.23862,0.10523,0.074984
-0.21821,0.085787,0.063713
-0.21414,0.085188,0.024743
-0.19986,0.084608,0.061545
-0.21769,0.087518,0.063526
-0.1997,0.082266,0.060889
-0.22032,0.076652,0.07016
-0.2375,0.079018,0.064444
-0.22024,0.076426,0.070071
-0.22018,0.076078,0.07005
-0.23758,0.079819,0.06496
-0.22015,0.072983,0.070031
-0.23756,0.079393,0.06447
-0.23797,0.10672,0.078247
-0.22018,0.076632,0.069929
-0.22006,0.076134,0.069849
-0.23883,0.10532,0.076855
-0.21835,0.0875,0.065112
-0.21411,0.085104,0.024718
-0.21832,0.088261,0.064898
-0.21392,0.085236,0.024301
-0.21847,0.089102,0.064882
-0.23862,0.10523,0.074984
-0.23739,0.079624,0.064686
-0.23881,0.10662,0.07715
-0.23843,0.10713,0.077645
-0.22005,0.0759,0.069862
-0.21845,0.085561,0.064853
-0.23717,0.076694,0.064108
-0.23866,0.10649,0.076809
-0.1997,0.082266,0.060889
-0.21771,0.087647,0.063551
-0.21843,0.083991,0.065072
-0.1997,0.082221,0.061015
-0.21851,0.085891,0.064888
-0.21405,0.08502,0.025022
-0.23767,0.080278,0.065014
-0.20566,0.076913,0.058616
-0.2185,0.084782,0.064939
-0.21817,0.087483,0.064759
-0.23902,0.10434,0.074943
-0.21853,0.085487,0.06509
-0.1997,0.082266,0.060889
-0.23853,0.10608,0.076085
-0.2376,0.080512,0.064864
-0.23868,0.10617,0.076864
-0.23894,0.10593,0.077084
-0.21409,0.08502,0.024693
-0.21474,0.084059,0.025657
-0.22201,0.098466,0.077988
-0.19994,0.085023,0.061483
-0.23735,0.078848,0.064757
-0.2388,0.10552,0.075385
-0.21838,0.08852,0.064944
-0.22018,0.076078,0.07005
-0.21834,0.088383,0.064776
-0.22195,0.098001,0.077926
-0.23881,0.10679,0.077152
-0.19972,0.082271,0.061006
-0.19982,0.084497,0.061401
-0.21999,0.075652,0.070315
-0.23868,0.10617,0.076864
-0.22012,0.073931,0.07023
-0.19956,0.083192,0.060835
-0.19976,0.084288,0.061347
-0.23897,0.10708,0.077494
-0.22185,0.098148,0.078278
-0.21414,0.085188,0.024743
-0.19954,0.083138,0.060797
-0.22201,0.098466,0.077988
-0.22003,0.076317,0.069688
-0.22003,0.074649,0.069587
-0.21808,0.087024,0.064698
-0.23872,0.10667,0.076932
-0.23726,0.079435,0.064244
-0.23758,0.079819,0.064961
-0.1997,0.082266,0.060889
-0.23744,0.079748,0.064471
-0.21806,0.086893,0.064673
-0.22016,0.0762,0.069982
-0.22183,0.096593,0.079875
-0.23877,0.10536,0.075327
-0.23731,0.080421,0.064591
-0.21832,0.088261,0.064898
-0.22031,0.076515,0.070224
-0.22171,0.096593,0.080215
-0.2181,0.087146,0.064576
-0.23761,0.079562,0.064521
-0.23761,0.079562,0.064521
-0.21996,0.076032,0.069575
-0.23728,0.079792,0.064123
-0.23884,0.10662,0.077211
-0.19972,0.082271,0.061006
-0.21468,0.083534,0.025708
-0.2388,0.10546,0.075547
-0.21806,0.086893,0.064673
-0.22011,0.076543,0.069777
-0.21416,0.08503,0.024832
-0.22024,0.076426,0.070071
-0.2388,0.10552,0.075385
-0.2202,0.076154,0.07008
-0.2184,0.08865,0.064966
-0.23759,0.078529,0.064536
-0.19944,0.083088,0.061113
-0.19975,0.082375,0.061033
-0.21416,0.085029,0.024832
-0.21411,0.084308,0.024063
-0.23876,0.10502,0.075318
-0.21993,0.077144,0.070107
-0.22011,0.076543,0.069777
-0.2388,0.10536,0.075381
-0.21817,0.087483,0.064759
-0.19964,0.083405,0.061007
-0.22028,0.076439,0.070194
-0.22198,0.096992,0.077523
-0.2388,0.10552,0.075385
-0.22015,0.076003,0.070021
-0.21409,0.08502,0.024693
-0.2181,0.087146,0.064576
-0.2388,0.10629,0.077146
-0.21405,0.08502,0.025022
-0.21811,0.085787,0.064048
-0.2388,0.10596,0.077142
-0.19968,0.082167,0.060978
-0.23853,0.10608,0.076085
-0.21845,0.088973,0.064859
-0.22192,0.098556,0.079284
-0.22007,0.075778,0.069931
-0.23732,0.079662,0.06481
-0.21813,0.087276,0.0646
-0.21813,0.086237,0.064637
-0.21779,0.086102,0.063695
-0.22009,0.076468,0.069748
-0.23866,0.10633,0.076807
-0.22013,0.074348,0.069865
-0.21748,0.086466,0.063233
-0.19981,0.082691,0.06106
-0.21785,0.087402,0.063855
-0.22003,0.074649,0.069587
-0.2201,0.075853,0.069961
-0.2202,0.076154,0.07008
-0.20566,0.076953,0.058498
-0.22001,0.076242,0.069659
-0.23897,0.10626,0.07715
-0.20568,0.076876,0.058686
-0.22008,0.075654,0.070004
-0.23877,0.10595,0.077082
-0.22003,0.076317,0.069688
-0.23841,0.10626,0.079359
-0.22201,0.098466,0.077988
-0.23739,0.079577,0.064421
-0.19953,0.083088,0.060807
-0.22009,0.075912,0.069984
-0.21771,0.087647,0.063551
-0.23776,0.078535,0.064764
-0.23739,0.079778,0.064587
-0.23764,0.077787,0.064903
-0.23771,0.080412,0.065117
-0.22011,0.076543,0.069777
-0.2199,0.077069,0.070077
-0.22021,0.076092,0.070173
-0.22023,0.076229,0.070109
-0.21814,0.087354,0.064735
-0.21415,0.085114,0.025185
-0.21409,0.08502,0.024693
-0.23739,0.079778,0.064587
-0.23858,0.10661,0.077819
-0.2201,0.075853,0.069961
-0.23877,0.10512,0.075484
-0.21987,0.076994,0.070045
-0.2198,0.07552,0.069488
-0.23866,0.10649,0.076809
-0.22015,0.076003,0.070021
-0.23737,0.079979,0.064323
-0.21411,0.085104,0.024718
-0.23897,0.10708,0.077494
-0.21418,0.085475,0.024752
-0.19971,0.083865,0.060816
-0.23759,0.078579,0.064415
-0.22192,0.098556,0.079284
-0.22201,0.098466,0.077988
-0.23871,0.10662,0.07612
-0.34059,0.088701,0.085294
-0.33967,0.084196,0.084072
-0.31863,0.095129,0.02668
-0.33996,0.085588,0.084165
-0.33786,0.081564,0.079813
-0.31858,0.094128,0.026632
-0.31925,0.096164,0.027245
-0.3244,0.083184,0.084718
-0.32656,0.092734,0.089286
-0.33882,0.086376,0.082359
-0.31805,0.090649,0.026131
-0.31807,0.089873,0.026401
-0.33855,0.083987,0.082167
-0.33973,0.095211,0.102
-0.31926,0.096373,0.02726
-0.3143,0.084415,0.084572
-0.31825,0.090766,0.026678
-0.34075,0.090614,0.084466
-0.34061,0.088581,0.085281
-0.30447,0.091423,0.030708
-0.3392,0.08551,0.08269
-0.34096,0.090833,0.0871
-0.33937,0.085035,0.083083
-0.32663,0.093749,0.089016
-0.32437,0.082741,0.085098
-0.34064,0.088822,0.085596
-0.33996,0.08751,0.083229
-0.34046,0.088737,0.084797
-0.33996,0.08676,0.084155
-0.33996,0.086958,0.084077
-0.33998,0.086968,0.084166
-0.3396,0.08723,0.083365
-0.31799,0.092265,0.025782
-0.31793,0.091592,0.025775
-0.31809,0.093541,0.025776
-0.30442,0.091882,0.030573
-0.33925,0.084778,0.08288
-0.33917,0.087827,0.09733
-0.33938,0.085044,0.083172
-0.3417,0.094379,0.086511
-0.32669,0.093849,0.090351
-0.31788,0.092866,0.025527
-0.33916,0.086645,0.082903
-0.34061,0.08891,0.085302
-0.31422,0.084178,0.084506
-0.33998,0.086642,0.08414
-0.32697,0.08939,0.087719
-0.31895,0.09369,0.027986
-0.31873,0.0929,0.027232
-0.34013,0.087331,0.084792
-0.3186,0.087977,0.03821
-0.33953,0.087761,0.083172
-0.33924,0.086136,0.083284
-0.32697,0.08916,0.087891
-0.33921,0.089177,0.10091
-0.33925,0.083998,0.083271
-0.33941,0.087115,0.082834
-0.33937,0.084509,0.082787
-0.32198,0.099992,0.049076
-0.31421,0.084173,0.084456
-0.31779,0.093099,0.025548
-0.33998,0.086968,0.084166
-0.34153,0.09413,0.086124
-0.34061,0.088581,0.085281
-0.34001,0.087056,0.084161
-0.31786,0.091319,0.025636
-0.31822,0.090761,0.026593
-0.32449,0.083371,0.084127
-0.34095,0.09267,0.085721
-0.32212,0.098811,0.049066
-0.31957,0.097488,0.027632
-0.31778,0.092146,0.025236
-0.33967,0.086284,0.08277
-0.31437,0.084912,0.08447
-0.33883,0.08446,0.08259
-0.32027,0.099332,0.029364
-0.30461,0.092199,0.030632
-0.33962,0.088305,0.083691
-0.30429,0.091415,0.030226
-0.33879,0.082892,0.081396
-0.33889,0.084233,0.082644
-0.33915,0.085314,0.083252
-0.33952,0.086136,0.082479
-0.31784,0.091899,0.025564
-0.34001,0.087056,0.084161
-0.33874,0.085635,0.082488
-0.31782,0.091694,0.025547
-0.33916,0.084523,0.082766
-0.33931,0.084039,0.083071
-0.33916,0.088839,0.10069
-0.31775,0.090893,0.025302
-0.32452,0.083844,0.085196
-0.33998,0.086968,0.084166
-0.33958,0.087663,0.083057
-0.32482,0.084064,0.084959
-0.33895,0.083634,0.081496
-0.33933,0.086494,0.083071
-0.31427,0.083703,0.083655
-0.33926,0.084007,0.08336
-0.33884,0.086581,0.082372
-0.34143,0.093677,0.085647
-0.34048,0.088271,0.0849
-0.31818,0.09465,0.025639
-0.34005,0.086446,0.084513
-0.31435,0.08447,0.084622
-0.3405,0.088173,0.085105
-0.33969,0.086369,0.083025
-0.32746,0.090885,0.088333
-0.33941,0.087914,0.083357
-0.33986,0.08472,0.084646
-0.31957,0.097488,0.027632
-0.31788,0.092367,0.025553
-0.31918,0.097246,0.026913
-0.32696,0.089482,0.087844
-0.34003,0.087264,0.084171
-0.3189,0.08812,0.038497
-0.34013,0.087139,0.084673
-0.31789,0.091787,0.025624
-0.33899,0.086274,0.082384
-0.33879,0.086051,0.082603
-0.33937,0.085555,0.083036
-0.3392,0.083776,0.083081
-0.33998,0.086968,0.084166
-0.31912,0.097113,0.026891
-0.31814,0.09087,0.026447
-0.31788,0.092866,0.025527
-0.30463,0.092394,0.03065
-0.33997,0.085617,0.084471
-0.34013,0.087331,0.084792
-0.3181,0.094349,0.025544
-0.32437,0.082741,0.085098
-0.35315,0.088813,0.17256
-0.3392,0.083776,0.083081
-0.32659,0.09315,0.088997
-0.32661,0.089618,0.087988
-0.33972,0.086924,0.083019
-0.30459,0.091435,0.030978
-0.34056,0.089186,0.085198
-0.3406,0.089076,0.084915
-0.31761,0.081317,0.035874
-0.31912,0.097113,0.026891
-0.31827,0.094874,0.025954
-0.32656,0.092734,0.089286
-0.31448,0.084763,0.084737
-0.31935,0.091667,0.027694
-0.339,0.082909,0.082946
-0.33904,0.082995,0.082943
-0.33998,0.086968,0.084166
-0.34094,0.089823,0.085894
-0.31772,0.091596,0.025384
-0.30426,0.091994,0.030261
-0.3267,0.093369,0.09075
-0.34004,0.087273,0.08426
-0.31939,0.097306,0.027397
-0.318,0.090238,0.026094
-0.33926,0.086755,0.082804
-0.33998,0.086968,0.084166
-0.33931,0.084869,0.083179
-0.3193,0.09745,0.02709
-0.33847,0.083315,0.082147
-0.31792,0.091792,0.025709
-0.33969,0.086369,0.083025
-0.33847,0.083315,0.082147
-0.34001,0.087056,0.084161
-0.31825,0.085096,0.037529
-0.33931,0.084559,0.083024
-0.3143,0.084415,0.084572
-0.32464,0.083818,0.084415
-0.31891,0.085836,0.038538
-0.32092,0.099841,0.032469
-0.33933,0.082221,0.083612
-0.32656,0.092734,0.089286
-0.33938,0.086774,0.083209
-0.32212,0.098811,0.049066
-0.34046,0.088083,0.085109
-0.33937,0.085555,0.083036
-0.33941,0.087115,0.082834
-0.31525,0.087447,0.085608
-0.31821,0.090761,0.026592
-0.34059,0.088701,0.085294
-0.34075,0.090614,0.084466
-0.33993,0.086792,0.083408
-0.3181,0.094025,0.025504
-0.31437,0.084653,0.084636
-0.33983,0.085604,0.082939
-0.31818,0.09465,0.025639
-0.33792,0.083841,0.094332
-0.34061,0.088581,0.085281
-0.30409,0.090815,0.029939
-0.31865,0.094711,0.026437
-0.32665,0.092136,0.088333
-0.33962,0.088305,0.083691
-0.31774,0.091801,0.025402
-0.33925,0.084754,0.082132
-0.33777,0.082189,0.081927
-0.31412,0.083859,0.08368
-0.32694,0.093877,0.091415
-0.34003,0.087087,0.084467
-0.31966,0.094946,0.028298
-0.35225,0.0853,0.16799
-0.33937,0.085035,0.083083
-0.32048,0.096239,0.041436
-0.33938,0.084397,0.083113
-0.3529,0.088098,0.17245
-0.31805,0.09353,0.025561
-0.31432,0.084071,0.08383
-0.30467,0.092215,0.031052
-0.32721,0.089568,0.088231
-0.31846,0.094579,0.026449
-0.33943,0.089438,0.099525
-0.33926,0.084913,0.083073
-0.33856,0.083899,0.082416
-0.31805,0.090649,0.026131
-0.33937,0.084692,0.082837
-0.31432,0.084148,0.083707
-0.31737,0.088113,0.025594
-0.34083,0.0903,0.085179
-0.31786,0.091319,0.025636
-0.31806,0.092064,0.026094
-0.34048,0.088491,0.085038
-0.33926,0.084317,0.082618
-0.32717,0.089146,0.087996
-0.34104,0.090058,0.086369
-0.35252,0.086854,0.1689
-0.31927,0.097037,0.027052
-0.31782,0.091694,0.025547
-0.3218,0.10135,0.046187
-0.3245,0.082741,0.0846
-0.31798,0.092408,0.025761
-0.31558,0.087534,0.08521
-0.33999,0.085824,0.084482
-0.32469,0.084064,0.085457
-0.3179,0.092672,0.025724
-0.34048,0.088491,0.085038
-0.32044,0.094316,0.029643
-0.35225,0.0853,0.16799
-0.31782,0.091694,0.025547
-0.34061,0.088759,0.084982
-0.31782,0.091694,0.025547
-0.33928,0.084628,0.083543
-0.33992,0.087195,0.084107
-0.33998,0.086968,0.084166
-0.339,0.084941,0.082769
-0.34059,0.0889,0.085213
-0.3182,0.0905,0.026624
-0.34059,0.0889,0.085213
-0.31421,0.084173,0.084456
-0.34061,0.08891,0.085302
-0.30441,0.091601,0.030485
-0.34126,0.09309,0.085619
-0.31848,0.094786,0.026466
-0.33937,0.087406,0.082816
-0.31555,0.087343,0.085148
-0.34001,0.087056,0.084161
-0.33767,0.081395,0.079209
-0.33903,0.084879,0.083834
-0.33937,0.084757,0.082143
-0.34003,0.087264,0.084171
-0.33937,0.084509,0.082787
-0.33929,0.083833,0.083058
-0.32675,0.092492,0.088465
-0.31858,0.094616,0.026358
-0.3151,0.087297,0.085135
-0.32437,0.082741,0.085098
-0.3392,0.08551,0.08269
-0.31782,0.091694,0.025547
-0.31388,0.083021,0.08391
-0.3193,0.09819,0.027072
-0.33915,0.086636,0.082815
-0.33936,0.084623,0.083014
-0.31859,0.094414,0.026427
-0.31827,0.094874,0.025954
-0.31516,0.086073,0.085297
-0.31807,0.093334,0.025759
-0.31876,0.092341,0.026807
-0.31432,0.08399,0.083959
-0.3397,0.093596,0.10158
-0.33883,0.085037,0.082491
-0.31798,0.090016,0.026372
-0.31781,0.092772,0.025449
-0.33945,0.084609,0.08317
-0.30465,0.091591,0.030842
-0.31792,0.091792,0.025709
-0.34061,0.08891,0.085302
-0.34064,0.089,0.085297
-0.32679,0.09356,0.091162
-0.33931,0.084591,0.082239
-0.33941,0.084722,0.082888
-0.33921,0.083714,0.08335
-0.31509,0.085251,0.085376
-0.34138,0.093504,0.086724
-0.31782,0.089786,0.025885
-0.33941,0.087914,0.083357
-0.3417,0.094379,0.086511
-0.34104,0.092545,0.084897
-0.33928,0.081722,0.083622
-0.31496,0.085447,0.085202
-0.33922,0.085783,0.082951
-0.34155,0.093979,0.086268
-0.30429,0.091415,0.030226
-0.33929,0.089714,0.101
-0.32049,0.0961,0.041326
-0.31439,0.084227,0.084024
-0.31439,0.084227,0.084024
-0.33994,0.087205,0.084196
-0.34002,0.086583,0.083643
-0.33926,0.084007,0.08336
-0.33868,0.085518,0.082188
-0.33996,0.086958,0.084077
-0.31922,0.097096,0.027033
-0.31926,0.096373,0.02726
-0.31782,0.091694,0.025547
-0.31607,0.087935,0.085747
-0.33979,0.084417,0.084549
-0.33992,0.085342,0.084681
-0.34064,0.089047,0.085255
-0.31873,0.0929,0.027232
-0.33921,0.089177,0.10091
-0.31503,0.085687,0.085265
-0.33926,0.086755,0.082804
-0.31797,0.090756,0.025986
-0.33957,0.087407,0.083086
-0.30413,0.091204,0.029976
-0.33984,0.086283,0.085459
-0.3143,0.084124,0.083974
-0.31874,0.093934,0.026427
-0.32449,0.083371,0.084127
-0.33939,0.085613,0.082726
-0.33929,0.086524,0.083132
-0.33887,0.087067,0.082264
-0.32643,0.091826,0.087831
-0.31809,0.093942,0.025596
-0.35247,0.084832,0.17106
-0.31764,0.091176,0.025134
-0.33922,0.085783,0.082951
-0.33999,0.085824,0.084482
-0.34109,0.092681,0.085287
-0.33905,0.087476,0.082515
-0.339,0.082909,0.082946
-0.31388,0.083021,0.08391
-0.31863,0.094504,0.02642
-0.34053,0.087687,0.085201
-0.33767,0.081395,0.079209
-0.33928,0.081722,0.083622
-0.31441,0.08441,0.084039
-0.31799,0.092265,0.025782
-0.3392,0.086075,0.082675
-0.31537,0.087262,0.085112
-0.31925,0.096164,0.027245
-0.34064,0.090026,0.084591
-0.31978,0.098513,0.027796
-0.31782,0.092151,0.025321
-0.34001,0.087056,0.084161
-0.33938,0.086774,0.083209
-0.32059,0.10015,0.030485
-0.31807,0.089873,0.026401
-0.33915,0.086441,0.082891
-0.31868,0.091739,0.027184
-0.33931,0.084039,0.083071
-0.3205,0.094207,0.029796
-0.33917,0.088957,0.10068
-0.31403,0.083843,0.083966
-0.33952,0.087506,0.082924
-0.31809,0.093541,0.025776
-0.33897,0.086243,0.08208
-0.30492,0.091222,0.031334
-0.3181,0.094025,0.025504
-0.33944,0.085389,0.082611
-0.31789,0.091787,0.025624
-0.32717,0.089146,0.087996
-0.32044,0.09411,0.029715
-0.32056,0.091869,0.041474
-0.3198,0.096384,0.027623
-0.33978,0.087447,0.082682
-0.315,0.085477,0.084984
-0.33916,0.086645,0.082903
-0.31812,0.091527,0.026153
-0.31981,0.098204,0.027987
-0.31847,0.092522,0.025906
-0.33883,0.08446,0.08259
-0.33883,0.08446,0.08259
-0.31927,0.097037,0.027052
-0.34089,0.090788,0.08497
-0.29569,0.20543,0.011521
-0.29536,0.20661,0.01247
-0.29937,0.2012,0.025836
-0.28338,0.20119,0.016933
-0.29917,0.20168,0.025181
-0.29921,0.20157,0.025115
-0.2822,0.1988,0.015381
-0.29567,0.20925,0.014184
-0.29565,0.20847,0.013841
-0.29536,0.20685,0.012609
-0.29538,0.20642,0.012387
-0.2955,0.2077,0.01343
-0.28229,0.19833,0.015214
-0.29971,0.20023,0.024427
-0.29944,0.20186,0.025891
-0.29919,0.20148,0.025093
-0.29589,0.20841,0.014225
-0.29809,0.20925,0.016356
-0.29592,0.20891,0.014552
-0.2834,0.20035,0.017137
-0.28218,0.19994,0.015688
-0.29675,0.20601,0.012508
-0.29689,0.20641,0.012771
-0.29557,0.20885,0.014226
-0.29589,0.20817,0.014082
-0.28282,0.19819,0.015199
-0.29565,0.2081,0.013596
-0.29699,0.20635,0.013056
-0.29741,0.20601,0.013205
-0.28313,0.19861,0.016066
-0.29545,0.20987,0.014615
-0.28215,0.19886,0.015154
-0.29546,0.20943,0.014186
-0.29534,0.20503,0.010743
-0.29545,0.20755,0.013143
-0.29563,0.2044,0.010875
-0.27209,0.19564,0.01598
-0.28375,0.20143,0.017382
-0.27173,0.19678,0.016751
-0.29592,0.20891,0.014552
-0.28278,0.19899,0.015875
-0.29952,0.20128,0.026173
-0.28375,0.20204,0.017695
-0.28227,0.19868,0.015374
-0.29648,0.20651,0.012486
-0.27214,0.19518,0.016221
-0.28106,0.1997,0.01452
-0.29518,0.20702,0.012307
-0.29919,0.20278,0.025965
-0.29567,0.20383,0.010622
-0.2958,0.20704,0.013344
-0.29577,0.20742,0.01351
-0.29565,0.2081,0.013596
-0.29921,0.20157,0.025115
-0.28367,0.20119,0.017376
-0.28353,0.20143,0.017863
-0.28301,0.19885,0.015893
-0.29536,0.20857,0.0136
-0.29648,0.20693,0.012692
-0.2832,0.19849,0.01606
-0.28168,0.19923,0.014951
-0.28215,0.19987,0.015674
-0.29536,0.20814,0.013311
-0.283,0.19836,0.015671
-0.29556,0.20836,0.013697
-0.28237,0.19898,0.0156
-0.29806,0.20704,0.014906
-0.28338,0.20119,0.016933
-0.29929,0.2015,0.025402
-0.29671,0.20668,0.012775
-0.29911,0.20237,0.02587
-0.29544,0.20582,0.011366
-0.28274,0.20071,0.016565
-0.29804,0.20809,0.015207
-0.29543,0.20803,0.01333
-0.28338,0.2004,0.01654
-0.28215,0.19987,0.015674
-0.2959,0.20887,0.01449
-0.29921,0.20157,0.025115
-0.29572,0.20821,0.013675
-0.29524,0.20882,0.013397
-0.2955,0.20943,0.01447
-0.28125,0.19992,0.015031
-0.29952,0.20128,0.026173
-0.2822,0.19899,0.015436
-0.29917,0.20217,0.025461
-0.29678,0.20652,0.012973
-0.29971,0.20023,0.024427
-0.28275,0.19927,0.015686
-0.27287,0.19396,0.016102
-0.29536,0.20814,0.013311
-0.29958,0.20096,0.026018
-0.29579,0.20714,0.012952
-0.29545,0.20654,0.012543
-0.29557,0.20882,0.013963
-0.29575,0.20872,0.014001
-0.28164,0.19899,0.014799
-0.28243,0.1997,0.015975
-0.2818,0.19934,0.015097
-0.29547,0.20542,0.011293
-0.28141,0.20006,0.014954
-0.29927,0.20232,0.025952
-0.28235,0.19903,0.015844
-0.29786,0.20672,0.01427
-0.29546,0.20943,0.014186
-0.28143,0.19934,0.014821
-0.28476,0.20227,0.018948
-0.29717,0.20633,0.013237
-0.28256,0.19903,0.015788
-0.2978,0.20754,0.014726
-0.29565,0.20847,0.013841
-0.29572,0.20821,0.013675
-0.29585,0.20879,0.014388
-0.28215,0.19886,0.015154
-0.29684,0.20647,0.012772
-0.29562,0.20894,0.014532
-0.29536,0.20685,0.012609
-0.29643,0.20643,0.012384
-0.28231,0.19852,0.015658
-0.27209,0.19564,0.01598
-0.29579,0.20695,0.013323
-0.29689,0.20641,0.012771
-0.28208,0.19941,0.015333
-0.29573,0.20904,0.014184
-0.29539,0.20422,0.010356
-0.29515,0.20718,0.01241
-0.28226,0.19886,0.015454
-0.29787,0.20719,0.014536
-0.29927,0.20095,0.02485
-0.29722,0.20557,0.012895
-0.29678,0.20652,0.012973
-0.29538,0.20795,0.013228
-0.29518,0.20589,0.011129
-0.28261,0.19904,0.015814
-0.28223,0.19899,0.015241
-0.28325,0.20072,0.016999
-0.28389,0.20162,0.01761
-0.29551,0.20698,0.012892
-0.29524,0.20592,0.011262
-0.28139,0.19989,0.014815
-0.28261,0.19904,0.015814
-0.29641,0.20709,0.013186
-0.29549,0.20902,0.014164
-0.28237,0.19898,0.0156
-0.28217,0.19851,0.014993
-0.28171,0.20041,0.015355
-0.29919,0.20148,0.025093
-0.28287,0.19885,0.015787
-0.28297,0.19964,0.016569
-0.29921,0.20127,0.025005
-0.28098,0.19894,0.01426
-0.29584,0.20549,0.01166
-0.29539,0.20529,0.010927
-0.29804,0.20809,0.015207
-0.29913,0.20164,0.024827
-0.28229,0.19951,0.015814
-0.29583,0.20861,0.014226
-0.29538,0.20511,0.011296
-0.29678,0.20625,0.012567
-0.29303,0.19439,0.003474
-0.29552,0.20924,0.014389
-0.29536,0.20487,0.010973
-0.29536,0.20857,0.0136
-0.29779,0.20707,0.01446
-0.27194,0.19587,0.016204
-0.29923,0.20155,0.025198
-0.29587,0.20868,0.014124
-0.28222,0.19952,0.015539
-0.29529,0.20826,0.013292
-0.27176,0.19684,0.016761
-0.27152,0.1969,0.016408
-0.28251,0.19975,0.016108
-0.29641,0.20643,0.012838
-0.29536,0.20685,0.012609
-0.28228,0.19981,0.015741
-0.27175,0.19645,0.016599
-0.28304,0.19909,0.016232
-0.28114,0.19994,0.014475
-0.28256,0.19993,0.01603
-0.29549,0.20419,0.010951
-0.28229,0.1994,0.015533
-0.29564,0.2048,0.011091
-0.29548,0.2061,0.011794
-0.29545,0.20691,0.012791
-0.27213,0.19536,0.015836
-0.29536,0.20685,0.012609
-0.28214,0.19981,0.015624
-0.28097,0.19876,0.014213
-0.27216,0.19535,0.01588
-0.28219,0.19976,0.015608
-0.29921,0.20157,0.025115
-0.29937,0.2012,0.025836
-0.2823,0.19933,0.015735
-0.28271,0.199,0.015966
-0.2818,0.19934,0.015097
-0.28338,0.20119,0.016933
-0.28235,0.19957,0.015888
-0.29548,0.2029,0.009765
-0.29586,0.20936,0.0149
-0.2818,0.19934,0.015097
-0.29548,0.2029,0.009765
-0.29943,0.20182,0.026022
-0.28218,0.19994,0.015688
-0.2828,0.19861,0.015406
-0.29944,0.2021,0.026215
-0.28274,0.20028,0.016392
-0.29565,0.20847,0.013841
-0.29575,0.20872,0.014001
-0.29917,0.20189,0.02531
-0.29588,0.20846,0.014184
-0.29568,0.20883,0.013981
-0.2822,0.19935,0.0154
-0.29954,0.20125,0.025498
-0.29559,0.20896,0.01445
-0.29552,0.209,0.014245
-0.29601,0.20572,0.011964
-0.2954,0.20511,0.010843
-0.28375,0.20204,0.017695
-0.28203,0.19822,0.014708
-0.29807,0.20707,0.014816
-0.29917,0.20189,0.02531
-0.27152,0.19635,0.01617
-0.29647,0.2067,0.012568
-0.29952,0.20128,0.026173
-0.2954,0.20511,0.010843
-0.29565,0.2081,0.013596
-0.28252,0.19909,0.015806
-0.29585,0.20866,0.014287
-0.28252,0.19856,0.015507
-0.28203,0.19822,0.014708
-0.28204,0.19857,0.014927
-0.2954,0.20511,0.010843
-0.29929,0.20232,0.025991
-0.28279,0.19873,0.015443
-0.29536,0.20661,0.01247
-0.29923,0.20136,0.025027
-0.2954,0.20511,0.010843
-0.29539,0.20529,0.010927
-0.2832,0.19849,0.01606
-0.29774,0.20676,0.014145
-0.28223,0.19899,0.015241
-0.29625,0.20555,0.012183
-0.29954,0.20106,0.025776
-0.29572,0.20756,0.013327
-0.29536,0.20515,0.011078
-0.28143,0.19947,0.014665
-0.29808,0.20708,0.014949
-0.29538,0.20501,0.010822
-0.29557,0.20882,0.013963
-0.29944,0.2021,0.026215
-0.2834,0.20035,0.017137
-0.28279,0.19873,0.015443
-0.29564,0.20592,0.01255
-0.2953,0.20616,0.01157
-0.29957,0.20003,0.02403
-0.28393,0.20131,0.017675
-0.29543,0.20803,0.01333
-0.28144,0.19953,0.014713
-0.29918,0.20231,0.025763
-0.29713,0.20635,0.013156
-0.28235,0.19933,0.015759
-0.29563,0.2044,0.010875
-0.28244,0.19929,0.015767
-0.28268,0.2003,0.016272
-0.29919,0.20148,0.025093
-0.2961,0.20578,0.012146
-0.29919,0.2019,0.025546
-0.29557,0.20885,0.014226
-0.29984,0.20183,0.02695
-0.281,0.19964,0.014448
-0.29952,0.20124,0.025458
-0.28245,0.1992,0.015813
-0.28253,0.20034,0.01642
-0.2822,0.19935,0.0154
-0.29638,0.20636,0.012282
-0.2995,0.2013,0.026089
-0.29739,0.20621,0.013424
-0.28278,0.19899,0.015875
-0.28218,0.19994,0.015688
-0.29577,0.20714,0.013406
-0.28301,0.19885,0.015893
-0.28222,0.19952,0.015539
-0.28168,0.19923,0.014951
-0.2954,0.20511,0.010843
-0.29919,0.20148,0.025093
-0.29922,0.20198,0.025961
-0.28242,0.20022,0.016273
-0.29772,0.20694,0.014091
-0.28218,0.19994,0.015688
-0.2955,0.2088,0.013841
-0.28165,0.19999,0.015319
-0.2828,0.19861,0.015406
-0.28154,0.19971,0.014839
-0.2995,0.20163,0.025758
-0.2958,0.20704,0.013344
-0.29862,0.20837,0.016245
-0.28113,0.19928,0.014589
-0.29807,0.20707,0.014816
-0.2955,0.20943,0.01447
-0.29919,0.20178,0.025202
-0.29665,0.20721,0.013198
-0.2981,0.20711,0.014789
-0.2956,0.20913,0.014613
-0.29568,0.20883,0.013981
-0.29559,0.20868,0.013842
-0.29713,0.20635,0.013156
-0.29671,0.20668,0.012775
-0.28266,0.19936,0.016322
-0.28266,0.19936,0.016322
-0.29555,0.20904,0.014307
-0.2822,0.19935,0.0154
-0.29772,0.20694,0.014091
-0.29535,0.20531,0.010847
-0.29538,0.20511,0.011296
-0.2954,0.20511,0.010843
-0.29548,0.20962,0.014551
-0.28208,0.19941,0.015333
-0.28098,0.19894,0.01426
-0.28101,0.19934,0.014526
-0.28367,0.20119,0.017376
-0.29583,0.20861,0.014226
-0.28207,0.19975,0.015332
-0.29921,0.20157,0.025115
-0.29925,0.20116,0.024938
-0.29284,0.1971,0.004667
-0.29917,0.20219,0.02542
-0.28215,0.19886,0.015154
-0.2995,0.20163,0.025758
-0.29671,0.20668,0.012775
-0.28251,0.20046,0.01605
-0.28122,0.19941,0.014674
-0.29546,0.20356,0.01004
-0.28209,0.2,0.015425
-0.28274,0.20028,0.016392
-0.29563,0.2044,0.010875
-0.29552,0.209,0.014245
-0.27175,0.19645,0.016599
-0.29937,0.2012,0.025836
-0.29565,0.2081,0.013596
-0.27152,0.1969,0.016408
-0.29543,0.20803,0.01333
-0.29589,0.20817,0.014082
-0.29925,0.20116,0.024938
-0.28119,0.19934,0.014661
-0.29919,0.20198,0.025331
-0.29559,0.20891,0.013985
-0.28109,0.19881,0.01431
-0.28287,0.19885,0.015787
-0.28231,0.19852,0.015658
-0.28238,0.1988,0.015521
-0.28214,0.20047,0.015926
-0.29943,0.20182,0.026022
-0.28301,0.19908,0.016019
-0.2995,0.20177,0.026226
-0.29689,0.20641,0.012771
-0.29534,0.208,0.013089
-0.29647,0.2067,0.012568
-0.29587,0.2086,0.014307
-0.28244,0.19886,0.015594
-0.28162,0.1994,0.015006
-0.29928,0.20155,0.025869
-0.29948,0.20151,0.026177
-0.29921,0.20239,0.02618
-0.28215,0.19886,0.015154
-0.28226,0.19886,0.015454
-0.29917,0.20189,0.02531
-0.29772,0.20694,0.014091
-0.2823,0.19933,0.015735
-0.2992,0.20233,0.025544
-0.29952,0.20124,0.025458
-0.29919,0.20198,0.025331
-0.29779,0.20682,0.014113
-0.29921,0.20106,0.024877
-0.29558,0.20955,0.014635
-0.29573,0.20928,0.014328
-0.29927,0.20095,0.02485
-0.29648,0.20651,0.012486
-0.28214,0.20047,0.015926
-0.2828,0.20059,0.01656
-0.28244,0.19929,0.015767
-0.28277,0.19914,0.015651
-0.29563,0.2089,0.014066
-0.28217,0.19969,0.015594
-0.23022,0.15959,0.10134
-0.21502,0.16144,0.067059
-0.22176,0.18548,0.06843
-0.22417,0.15848,0.083851
-0.2242,0.15848,0.083977
-0.21513,0.16043,0.066795
-0.22408,0.15904,0.08486
-0.22404,0.1584,0.084438
-0.23076,0.16931,0.062427
-0.22406,0.15862,0.08458
-0.23973,0.1672,0.081331
-0.21533,0.16037,0.066673
-0.23068,0.1697,0.063014
-0.22409,0.15821,0.084433
-0.21963,0.15328,0.11136
-0.2239,0.15869,0.084845
-0.21516,0.16071,0.06699
-0.22413,0.15828,0.083584
-0.23063,0.16979,0.062911
-0.23999,0.1666,0.081194
-0.22413,0.1582,0.083827
-0.23068,0.1697,0.063014
-0.23068,0.16986,0.063106
-0.23958,0.16811,0.082277
-0.22915,0.16237,0.10272
-0.23066,0.16915,0.062687
-0.21977,0.15376,0.11156
-0.21529,0.16098,0.066558
-0.22406,0.15876,0.084674
-0.22404,0.15833,0.084391
-0.22406,0.15876,0.084673
-0.22408,0.15807,0.084339
-0.22404,0.15833,0.084391
-0.23078,0.16986,0.062753
-0.22006,0.15292,0.11137
-0.22933,0.16167,0.10195
-0.22403,0.15917,0.08482
-0.24016,0.16654,0.081595
-0.23977,0.16772,0.082482
-0.22407,0.15883,0.08472
-0.23068,0.1697,0.063014
-0.22407,0.15799,0.084292
-0.24008,0.16651,0.082101
-0.22406,0.15876,0.084673
-0.22444,0.15767,0.083657
-0.21523,0.16091,0.067257
-0.22955,0.16114,0.10123
-0.23076,0.16931,0.062427
-0.21516,0.16064,0.066941
-0.21551,0.16039,0.066659
-0.23076,0.16931,0.062427
-0.21097,0.15711,0.072041
-0.22935,0.16149,0.10219
-0.21516,0.16071,0.06699
-0.23075,0.16907,0.062286
-0.23076,0.16931,0.062427
-0.22939,0.16226,0.10253
-0.21977,0.15376,0.11156
-0.23068,0.1697,0.063015
-0.21514,0.16105,0.067099
-0.22161,0.18567,0.068262
-0.23077,0.16954,0.062568
-0.23999,0.16667,0.081239
-0.21925,0.15424,0.11131
-0.22177,0.18549,0.068317
-0.21963,0.15316,0.11159
-0.21513,0.16098,0.067051
-0.24016,0.16654,0.081595
-0.22404,0.15833,0.084391
-0.23978,0.16739,0.082303
-0.21516,0.16064,0.066941
-0.22406,0.15876,0.084673
-0.21515,0.16057,0.066893
-0.21538,0.16018,0.066843
-0.21974,0.15409,0.11137
-0.22388,0.15867,0.085109
-0.23048,0.17033,0.062738
-0.22406,0.15876,0.084673
-0.22017,0.13275,0.077019
-0.22407,0.15883,0.08472
-0.21094,0.15745,0.072136
-0.21551,0.16039,0.066659
-0.22179,0.18519,0.068148
-0.23076,0.16931,0.062427
-0.22404,0.15832,0.084681
-0.21514,0.1605,0.066844
-0.22915,0.16237,0.10272
-0.22406,0.15876,0.084673
-0.21519,0.16038,0.06688
-0.22403,0.15861,0.084746
-0.24046,0.16527,0.080165
-0.224,0.1582,0.084171
-0.24029,0.16587,0.080782
-0.21521,0.16132,0.067416
-0.21512,0.16037,0.066746
-0.24028,0.1663,0.08109
-0.22396,0.15875,0.085144
-0.22192,0.18598,0.069505
-0.21964,0.15308,0.11126
-0.22403,0.15876,0.084548
-0.23999,0.16684,0.08133
-0.22389,0.15896,0.085009
-0.22405,0.15854,0.084533
-0.24003,0.16655,0.080963
-0.21513,0.16043,0.066795
-0.22908,0.16219,0.10206
-0.22402,0.15902,0.084727
-0.21519,0.16038,0.066881
-0.23986,0.16691,0.081442
-0.21512,0.16072,0.066868
-0.24025,0.16647,0.081028
-0.21553,0.15999,0.0665
-0.21511,0.16084,0.066953
-0.21918,0.15421,0.11194
-0.22177,0.18549,0.068317
-0.2109,0.15731,0.072009
-0.22402,0.15902,0.084727
-0.21516,0.16119,0.067198
-0.21513,0.16043,0.066795
-0.22409,0.15821,0.084434
-0.21516,0.16064,0.066941
-0.21518,0.16085,0.067087
-0.21516,0.16126,0.067245
-0.2152,0.1607,0.067113
-0.23076,0.16931,0.062427
-0.2193,0.15363,0.11106
-0.23125,0.16863,0.062207
-0.23071,0.16932,0.062278
-0.21516,0.16071,0.06699
-0.21095,0.15749,0.072178
-0.21508,0.16103,0.067022
-0.21909,0.15404,0.11155
-0.22915,0.16237,0.10272
-0.21493,0.16153,0.067205
-0.22157,0.18533,0.069054
-0.22405,0.15854,0.084533
-0.21091,0.15736,0.072051
-0.23048,0.17033,0.062738
-0.21093,0.15698,0.071915
-0.23999,0.16684,0.08133
-0.23986,0.16691,0.081442
-0.23973,0.1672,0.081331
-0.21963,0.15316,0.11159
-0.21555,0.16038,0.066781
-0.21516,0.16071,0.06699
-0.22406,0.15869,0.084626
-0.23081,0.16943,0.062582
-0.23958,0.16811,0.082277
-0.22407,0.15883,0.08472
-0.23064,0.16987,0.062958
-0.21516,0.16071,0.06699
-0.21098,0.15716,0.072083
-0.21516,0.16071,0.06699
-0.21521,0.16077,0.06716
-0.23999,0.16691,0.081074
-0.21974,0.15418,0.11142
-0.21516,0.16071,0.06699
-0.23039,0.17048,0.063185
-0.23048,0.17048,0.062831
-0.2241,0.15842,0.084574
-0.21516,0.16119,0.067198
-0.22406,0.15862,0.084581
-0.22904,0.16245,0.10247
-0.2399,0.1669,0.081595
-0.21093,0.15698,0.071915
-0.21499,0.16062,0.066609
-0.23999,0.16691,0.081074
-0.21521,0.16106,0.067231
-0.22389,0.15888,0.085255
-0.23973,0.1672,0.081331
-0.215,0.1613,0.066962
-0.22137,0.1857,0.068147
-0.22409,0.15821,0.084433
-0.22405,0.15854,0.084533
-0.21549,0.16023,0.066267
-0.22901,0.16291,0.1025
-0.21979,0.15358,0.11117
-0.21553,0.15999,0.0665
-0.22406,0.15862,0.08458
-0.23996,0.1666,0.081041
-0.23068,0.16986,0.063106
-0.24008,0.16651,0.082101
-0.22405,0.15854,0.084533
-0.21929,0.15393,0.11122
-0.22917,0.16245,0.10263
-0.21496,0.16164,0.067416
-0.22406,0.15862,0.084581
-0.21094,0.15745,0.072136
-0.22405,0.15854,0.084533
-0.22406,0.15876,0.084673
-0.21556,0.15991,0.066575
-0.22389,0.15895,0.08531
-0.23999,0.16691,0.081074
-0.22409,0.15821,0.084433
-0.22446,0.15794,0.084135
-0.23076,0.16931,0.062427
-0.21093,0.15715,0.071978
-0.21516,0.16064,0.066941
-0.22404,0.15833,0.084396
-0.2193,0.15373,0.11112
-0.23986,0.16691,0.081442
-0.21961,0.15329,0.1113
-0.22416,0.15786,0.083728
-0.24029,0.16614,0.081
-0.22166,0.18536,0.068146
-0.22161,0.18567,0.068262
-0.22945,0.16159,0.10255
-0.23086,0.16934,0.062685
-0.22137,0.18657,0.068772
-0.21539,0.16025,0.066893
-0.21516,0.16071,0.06699
-0.24003,0.16659,0.081347
-0.23955,0.16812,0.082124
-0.23076,0.16931,0.062427
-0.21515,0.16057,0.066893
-0.23999,0.16691,0.081074
-0.21519,0.16038,0.06688
-0.21517,0.16133,0.067293
-0.22406,0.15876,0.084673
-0.23999,0.16691,0.081074
-0.21516,0.16064,0.066941
-0.21091,0.15736,0.072051
-0.2237,0.15924,0.085112
-0.21519,0.16147,0.06739
-0.22403,0.15917,0.08482
-0.22414,0.15842,0.083679
-0.22915,0.16237,0.10272
-0.23068,0.1697,0.063014
-0.21518,0.1614,0.067342
-0.21974,0.15418,0.11142
-0.21926,0.15414,0.11126
-0.22416,0.15906,0.08507
-0.21516,0.16119,0.067198
-0.22393,0.15862,0.084924
-0.22407,0.1589,0.084767
-0.23999,0.16691,0.081074
-0.2242,0.15879,0.085017
-0.22407,0.15883,0.08472
-0.22406,0.15869,0.084626
-0.23078,0.16978,0.062707
-0.22908,0.16208,0.10231
-0.22912,0.16273,0.10289
-0.2193,0.15373,0.11112
-0.23075,0.17022,0.062877
-0.24002,0.1669,0.081226
-0.21095,0.15749,0.072179
-0.21935,0.15412,0.11155
-0.22413,0.15828,0.083584
-0.21513,0.16098,0.067051
-0.21515,0.1601,0.066686
-0.22409,0.15821,0.084434
-0.22406,0.15876,0.084674
-0.21954,0.15321,0.11101
-0.22406,0.15923,0.084992
-0.2214,0.18587,0.069622
-0.2239,0.15901,0.085362
-0.23079,0.17013,0.062979
-0.24,0.16644,0.081102
-0.22389,0.15848,0.084704
-0.22363,0.159,0.085115
-0.21976,0.15376,0.1115
-0.21516,0.16119,0.067198
-0.23053,0.17064,0.063073
-0.2155,0.16032,0.066611
-0.22126,0.18581,0.069111
-0.2239,0.15916,0.085446
-0.22414,0.15841,0.083969
-0.22938,0.16238,0.10258
-0.22182,0.18512,0.068487
-0.21908,0.15424,0.11165
-0.23125,0.16863,0.062207
-0.22126,0.18581,0.069111
-0.24051,0.16579,0.080847
-0.21516,0.16126,0.067245
-0.21918,0.15421,0.11194
-0.22938,0.16238,0.10258
-0.21514,0.1605,0.066844
-0.21974,0.15406,0.11166
-0.21974,0.15406,0.11166
-0.22404,0.1584,0.084438
-0.22397,0.15842,0.084919
-0.21516,0.16064,0.066942
-0.21513,0.16098,0.067051
-0.22409,0.1582,0.084723
-0.23049,0.17064,0.062924
-0.22409,0.15835,0.084527
-0.23999,0.16691,0.081074
-0.22906,0.16233,0.10242
-0.2242,0.15848,0.083977
-0.22174,0.18544,0.068546
-0.24028,0.16654,0.081226
-0.24012,0.16655,0.081442
-0.22909,0.16298,0.103
-0.23974,0.16703,0.08124
-0.22413,0.15828,0.083584
-0.23076,0.16931,0.062427
-0.22404,0.15833,0.084391
-0.22008,0.15262,0.1111
-0.22401,0.15841,0.084313
-0.22405,0.15807,0.084214
-0.22911,0.16286,0.10294
-0.23067,0.16954,0.062922
-0.22407,0.15792,0.084245
-0.22407,0.15883,0.08472
-0.2242,0.15833,0.084173
-0.22409,0.15828,0.08448
-0.22408,0.15806,0.084344
-0.23076,0.16931,0.062427
-0.23081,0.16943,0.062582
-0.21939,0.15381,0.11146
-0.21518,0.1614,0.067342
-0.24058,0.1655,0.080934
-0.22962,0.16145,0.10184
-0.23996,0.16676,0.080831
-0.22145,0.18624,0.069451
-0.21964,0.15308,0.11126
-0.21964,0.15296,0.11149
-0.24046,0.16551,0.080302
-0.21512,0.16037,0.066746
-0.21541,0.16039,0.066989
-0.21095,0.15749,0.072178
-0.24016,0.16646,0.081549
-0.22179,0.18519,0.068148
-0.22405,0.15854,0.084533
-0.22417,0.15841,0.083804
-0.21516,0.16071,0.06699
-0.22406,0.15876,0.084674
-0.21516,0.16071,0.06699
-0.23048,0.17048,0.062831
-0.22405,0.15847,0.084486
-0.22405,0.15847,0.084486
-0.23068,0.1697,0.063014
-0.21974,0.15409,0.11137
-0.21549,0.16023,0.066267
-0.22935,0.16149,0.10219
-0.22168,0.18594,0.068601
-0.22406,0.15876,0.084673
-0.23071,0.16935,0.062891
-0.21516,0.16071,0.06699
-0.2308,0.16895,0.062304
-0.21518,0.16085,0.067086
-0.21516,0.16064,0.066941
-0.21095,0.15749,0.072178
-0.21535,0.16056,0.066522
-0.22405,0.15854,0.084533
-0.21517,0.16078,0.067038
-0.21516,0.16064,0.066942
-0.21577,0.15966,0.066499
-0.21495,0.16131,0.067184
-0.22368,0.15927,0.08544
-0.23068,0.16966,0.063274
-0.23999,0.16692,0.081375
-0.22413,0.15828,0.083584
-0.22393,0.15876,0.085017
-0.21092,0.15693,0.071872
-0.22414,0.15849,0.083726
-0.22405,0.15854,0.084533
-0.22363,0.159,0.085115
-0.22416,0.15834,0.083757
-0.229,0.16289,0.10264
-0.23068,0.1697,0.063014
-0.224,0.1586,0.084442
-0.22405,0.15854,0.084533
-0.22401,0.15924,0.084741
-0.21099,0.15655,0.071841
-0.21551,0.16039,0.066659
-0.21528,0.16031,0.066501
-0.23048,0.17033,0.062738
-0.21513,0.16043,0.066795
-0.22164,0.18573,0.069111
-0.22403,0.15924,0.084867
-0.21516,0.16064,0.066941
-0.24042,0.1657,0.080022
-0.23999,0.16684,0.08133
-0.24025,0.16639,0.080983
-0.21516,0.16071,0.06699
-0.21493,0.16153,0.067205
-0.24016,0.16638,0.081504
-0.22029,0.13275,0.076681
-0.22446,0.15795,0.083846
-0.23955,0.16812,0.082124
-0.22406,0.15869,0.084628
-0.22404,0.15833,0.084396
-0.321,0.1964,0.11268
-0.33542,0.19759,0.11104
-0.32114,0.19649,0.11225
-0.33426,0.19447,0.12459
-0.32926,0.20071,0.087144
-0.32769,0.19607,0.081795
-0.33524,0.19718,0.11035
-0.31553,0.19726,0.087975
-0.30339,0.19091,0.083592
-0.3278,0.19658,0.08164
-0.31428,0.19318,0.084431
-0.32884,0.202,0.08602
-0.32158,0.19203,0.11134
-0.33528,0.19699,0.11029
-0.32789,0.20091,0.084684
-0.32913,0.19864,0.085341
-0.3289,0.19959,0.086079
-0.32121,0.19514,0.11219
-0.33517,0.20379,0.11451
-0.32966,0.19925,0.087153
-0.3026,0.1909,0.082898
-0.31415,0.19368,0.08493
-0.33538,0.19782,0.11079
-0.33533,0.19804,0.11121
-0.33542,0.19763,0.11074
-0.32981,0.20196,0.089269
-0.31415,0.19368,0.08493
-0.33533,0.19715,0.1106
-0.31263,0.19267,0.082799
-0.33536,0.1977,0.11099
-0.33528,0.19699,0.11029
-0.32985,0.20056,0.088079
-0.32877,0.20115,0.086109
-0.3278,0.19666,0.081338
-0.33546,0.19739,0.11099
-0.32785,0.1966,0.081726
-0.32905,0.20138,0.087148
-0.32771,0.19678,0.081211
-0.31272,0.19272,0.083254
-0.31278,0.19286,0.083104
-0.33536,0.19733,0.11072
-0.31605,0.18626,0.082652
-0.32971,0.19867,0.086897
-0.33536,0.19774,0.11069
-0.32884,0.202,0.08602
-0.32844,0.19684,0.082803
-0.33551,0.19839,0.11194
-0.31289,0.19372,0.084381
-0.32917,0.20079,0.086962
-0.31406,0.1933,0.08511
-0.33532,0.19679,0.11024
-0.33547,0.19822,0.11163
-0.32888,0.2018,0.085959
-0.32915,0.19858,0.085551
-0.32926,0.20071,0.087144
-0.33536,0.19774,0.11069
-0.32895,0.20106,0.08663
-0.3297,0.20043,0.088098
-0.31532,0.19031,0.083891
-0.32769,0.19641,0.081019
-0.33528,0.19699,0.11029
-0.32092,0.18508,0.10573
-0.3354,0.19787,0.11121
-0.33562,0.19899,0.11269
-0.33551,0.19839,0.11194
-0.33528,0.19699,0.11029
-0.32876,0.20244,0.086205
-0.31283,0.19345,0.08419
-0.3153,0.19613,0.087244
-0.33542,0.19759,0.11104
-0.32699,0.19724,0.081374
-0.32916,0.20102,0.08716
-0.32977,0.20022,0.087647
-0.31399,0.1941,0.084959
-0.32825,0.19992,0.085718
-0.32867,0.20224,0.086649
-0.32854,0.2021,0.086282
-0.32867,0.20224,0.086649
-0.32905,0.20138,0.087148
-0.31273,0.19297,0.082804
-0.32885,0.19943,0.085304
-0.33528,0.19699,0.11029
-0.3144,0.19284,0.085008
-0.31251,0.19248,0.082559
-0.31456,0.19386,0.085527
-0.33533,0.19715,0.1106
-0.31389,0.19304,0.084118
-0.32892,0.20225,0.08643
-0.30295,0.1904,0.08297
-0.32883,0.20163,0.085746
-0.33551,0.19839,0.11194
-0.32835,0.19802,0.083481
-0.32157,0.192,0.11104
-0.32224,0.19399,0.11388
-0.3143,0.19493,0.085836
-0.33425,0.20277,0.11431
-0.3353,0.19708,0.1104
-0.32175,0.19203,0.11085
-0.33532,0.19716,0.11051
-0.32791,0.19622,0.081593
-0.30295,0.1904,0.08297
-0.32867,0.20224,0.086649
-0.33548,0.19964,0.11282
-0.32776,0.19674,0.099761
-0.32161,0.19206,0.11177
-0.32161,0.19214,0.11114
-0.3138,0.19325,0.084321
-0.33548,0.19964,0.11282
-0.3277,0.19651,0.081038
-0.32786,0.19601,0.081031
-0.32777,0.19654,0.081445
-0.32147,0.18413,0.10642
-0.32918,0.20074,0.086991
-0.31268,0.19346,0.083338
-0.3297,0.20043,0.088098
-0.33572,0.19823,0.11231
-0.33542,0.19759,0.11104
-0.32106,0.19628,0.11264
-0.32991,0.20035,0.088382
-0.33549,0.1983,0.11183
-0.31464,0.19431,0.085604
-0.32925,0.20035,0.086778
-0.32704,0.19759,0.081654
-0.32783,0.19616,0.081312
-0.33428,0.19448,0.1245
-0.33538,0.19903,0.11216
-0.32798,0.19965,0.085402
-0.32883,0.20086,0.085499
-0.33537,0.19775,0.1114
-0.32918,0.20074,0.086991
-0.33564,0.19822,0.11112
-0.30367,0.19083,0.083832
-0.32796,0.20051,0.084285
-0.3354,0.1964,0.11012
-0.33527,0.19726,0.11055
-0.32122,0.19446,0.11267
-0.33536,0.19774,0.11069
-0.329,0.20222,0.086583
-0.31415,0.19368,0.08493
-0.32116,0.19463,0.11175
-0.32713,0.19744,0.081995
-0.3353,0.19744,0.11067
-0.32884,0.202,0.08602
-0.32117,0.19527,0.11219
-0.32149,0.19166,0.11138
-0.31467,0.19384,0.085631
-0.3289,0.20024,0.085968
-0.31287,0.19365,0.084613
-0.33552,0.19848,0.11195
-0.31549,0.19712,0.087878
-0.32913,0.20131,0.08724
-0.32149,0.19166,0.11138
-0.31394,0.19414,0.085283
-0.3278,0.19666,0.081338
-0.32777,0.19654,0.081445
-0.31406,0.19484,0.087243
-0.32098,0.19705,0.11273
-0.32109,0.19602,0.11257
-0.32717,0.19752,0.082101
-0.32116,0.19496,0.11191
-0.32835,0.19802,0.083481
-0.32897,0.19971,0.085766
-0.32977,0.201,0.088263
-0.3056,0.19217,0.086326
-0.33542,0.19763,0.11074
-0.33552,0.19848,0.11195
-0.31375,0.19352,0.084023
-0.33542,0.19759,0.11104
-0.32718,0.1981,0.082435
-0.31411,0.19405,0.085102
-0.32977,0.201,0.088263
-0.31479,0.19424,0.086302
-0.30307,0.19056,0.083106
-0.32892,0.20188,0.086155
-0.33569,0.19805,0.11209
-0.33517,0.20379,0.11451
-0.32983,0.20048,0.087971
-0.32905,0.20138,0.087148
-0.33438,0.20259,0.11447
-0.31448,0.19346,0.08512
-0.31256,0.19298,0.083502
-0.30351,0.19129,0.083852
-0.31538,0.19534,0.086534
-0.32925,0.20035,0.086778
-0.32786,0.19601,0.081031
-0.30323,0.19099,0.084051
-0.32158,0.19203,0.11134
-0.31566,0.19732,0.088284
-0.31251,0.19248,0.082559
-0.32064,0.19767,0.11273
-0.32107,0.19628,0.11271
-0.32907,0.20215,0.086691
-0.32775,0.19645,0.081426
-0.33536,0.1977,0.11099
-0.3298,0.19969,0.087833
-0.33542,0.19759,0.11104
-0.3354,0.19791,0.1109
-0.33436,0.20241,0.11434
-0.31526,0.19599,0.087147
-0.32926,0.20071,0.087144
-0.33536,0.19654,0.11013
-0.32195,0.19303,0.11272
-0.32907,0.20174,0.087513
-0.33419,0.20343,0.11474
-0.32972,0.19973,0.08768
-0.3143,0.19493,0.085836
-0.32109,0.19602,0.11257
-0.33536,0.1977,0.11099
-0.3285,0.1987,0.08569
-0.33569,0.19805,0.11209
-0.3145,0.19426,0.086003
-0.32117,0.19527,0.11219
-0.32885,0.20098,0.08539
-0.32973,0.19945,0.087421
-0.33548,0.19743,0.11104
-0.32854,0.2021,0.086282
-0.31396,0.19361,0.084602
-0.32167,0.19312,0.11223
-0.33542,0.19883,0.1121
-0.30295,0.1904,0.08297
-0.32913,0.19864,0.085341
-0.3139,0.19351,0.084502
-0.32755,0.19659,0.081675
-0.31479,0.19424,0.086302
-0.30324,0.19076,0.083355
-0.3354,0.1964,0.11012
-0.33406,0.19461,0.12539
-0.30339,0.19143,0.083833
-0.31431,0.19423,0.085233
-0.32055,0.18679,0.10686
-0.33542,0.19795,0.1114
-0.33563,0.19867,0.11247
-0.32772,0.1966,0.082229
-0.32962,0.19935,0.087197
-0.31456,0.19386,0.085527
-0.32973,0.19945,0.087421
-0.31363,0.19443,0.08583
-0.33528,0.19699,0.11029
-0.33515,0.19763,0.11051
-0.32167,0.19312,0.11223
-0.32137,0.19111,0.11055
-0.30367,0.19083,0.083832
-0.31351,0.19299,0.083816
-0.33427,0.20234,0.11407
-0.33528,0.19703,0.10999
-0.32158,0.19203,0.11134
-0.32918,0.20074,0.086991
-0.33551,0.19839,0.11194
-0.3354,0.19787,0.11121
-0.31577,0.18762,0.083069
-0.32854,0.2021,0.086282
-0.32149,0.19166,0.11138
-0.32889,0.2018,0.086048
-0.31406,0.1933,0.08511
-0.31236,0.1923,0.082254
-0.32919,0.2012,0.087286
-0.3354,0.19791,0.1109
-0.32972,0.19973,0.08768
-0.33548,0.19596,0.10996
-0.33562,0.19899,0.11269
-0.32907,0.20174,0.087513
-0.32973,0.19945,0.087421
-0.32957,0.19992,0.087451
-0.33548,0.19821,0.11172
-0.3289,0.20216,0.086323
-0.33572,0.19823,0.11231
-0.33472,0.20482,0.1135
-0.3356,0.19799,0.11183
-0.32106,0.19628,0.11264
-0.32908,0.20156,0.087274
-0.32962,0.19935,0.087197
-0.3353,0.19708,0.1104
-0.33554,0.19737,0.11115
-0.32791,0.19668,0.08192
-0.32846,0.20185,0.085962
-0.31467,0.19384,0.085631
-0.30337,0.19176,0.084597
-0.31396,0.19361,0.084602
-0.31454,0.1931,0.085333
-0.31398,0.19464,0.087064
-0.33552,0.19848,0.11195
-0.32739,0.19758,0.082082
-0.3217,0.19318,0.11238
-0.32978,0.20307,0.090096
-0.32195,0.19303,0.11272
-0.32892,0.20188,0.086155
-0.32167,0.19312,0.11223
-0.32195,0.19303,0.11272
-0.32074,0.19757,0.11238
-0.32846,0.20185,0.085962
-0.33528,0.19699,0.11029
-0.32704,0.19759,0.081654
-0.33478,0.20509,0.1151
-0.31405,0.19382,0.086402
-0.32877,0.20115,0.086109
-0.33536,0.1977,0.11099
-0.30317,0.19027,0.083046
-0.32915,0.20103,0.087071
-0.33411,0.20231,0.11356
-0.32116,0.19463,0.11175
-0.31351,0.19299,0.083816
-0.32122,0.19485,0.11234
-0.32977,0.20022,0.087647
-0.32925,0.20035,0.086778
-0.33569,0.20047,0.11423
-0.32876,0.20244,0.086205
-0.33542,0.19883,0.1121
-0.32895,0.20106,0.08663
-0.33548,0.19743,0.11104
-0.32926,0.20071,0.087144
-0.31363,0.19443,0.08583
-0.32112,0.19551,0.1123
-0.33553,0.19893,0.11242
-0.32905,0.20138,0.087148
-0.32862,0.20056,0.085623
-0.33542,0.19883,0.1121
-0.33404,0.19504,0.12527
-0.32874,0.20171,0.086446
-0.31263,0.19267,0.082799
-0.32109,0.19602,0.11257
-0.32777,0.19654,0.081445
-0.32924,0.20214,0.086954
-0.32876,0.20244,0.086205
-0.30286,0.19052,0.082919
-0.33528,0.19699,0.11029
-0.32772,0.1966,0.082229
-0.31447,0.19374,0.085051
-0.3278,0.19628,0.08168
-0.32875,0.2018,0.086464
-0.33519,0.19743,0.11046
-0.32835,0.19935,0.086146
-0.32964,0.19852,0.086592
-0.31511,0.19214,0.085474
-0.32776,0.19672,0.081599
-0.32901,0.20158,0.087209
-0.32161,0.19214,0.11114
-0.32067,0.19769,0.11228
-0.33472,0.20482,0.1135
-0.3285,0.1987,0.08569
-0.32988,0.20324,0.090339
-0.32895,0.19939,0.085544
-0.329,0.20309,0.086796
-0.33532,0.19716,0.11051
-0.33534,0.20355,0.11469
-0.32981,0.20196,0.089269
-0.31329,0.19276,0.084332
-0.32876,0.20244,0.086205
-0.33536,0.1977,0.11099
-0.32885,0.19943,0.085304
-0.31438,0.19337,0.084676
-0.31431,0.19419,0.085447
-0.32195,0.19303,0.11272
-0.32954,0.20014,0.086947
-0.32867,0.20155,0.086143
-0.32835,0.19802,0.083481
-0.32892,0.20225,0.08643
-0.33542,0.19883,0.1121
-0.32893,0.20266,0.086768
-0.32068,0.19801,0.11257
-0.33551,0.19835,0.11224
-0.32063,0.19788,0.11234
-0.32717,0.19752,0.082101
-0.3297,0.20043,0.088098
-0.32962,0.19935,0.087197
-0.33542,0.19884,0.11201
-0.32116,0.19496,0.11191
-0.31461,0.19323,0.085496
-0.33551,0.19839,0.11194
-0.32789,0.20091,0.084684
-0.31532,0.19031,0.083891
-0.3289,0.20024,0.085968
-0.33551,0.19839,0.11194
-0.32964,0.19916,0.087045
-0.32858,0.20121,0.085716
-0.3287,0.19892,0.084748
-0.33406,0.19461,0.12539
-0.31278,0.19286,0.083104
-0.32856,0.1986,0.084231
-0.32161,0.19214,0.11114
-0.33538,0.19782,0.11079
-0.32776,0.19674,0.099761
-0.32925,0.20035,0.086778
-0.33548,0.19596,0.10996
-0.28676,0.14886,-0.023956
-0.28685,0.14996,-0.022776
-0.28657,0.14863,-0.024272
-0.28711,0.14967,-0.02309
-0.28699,0.15063,-0.023047
-0.28601,0.1477,-0.024998
-0.28708,0.14947,-0.023156
-0.28683,0.14901,-0.023829
-0.28692,0.1501,-0.022649
-0.28711,0.14967,-0.02309
-0.28685,0.14996,-0.022776
-0.28702,0.14904,-0.023629
-0.28714,0.14893,-0.023557
-0.28693,0.14883,-0.023603
-0.28686,0.14868,-0.023732
-0.28679,0.14933,-0.023812
-0.28676,0.14887,-0.023958
-0.28699,0.15025,-0.022522
-0.28398,0.14181,-0.029531
-0.28722,0.15047,-0.022398
-0.28718,0.14867,-0.023612
-0.2862,0.14794,-0.025038
-0.2869,0.14924,-0.023472
-0.28687,0.14947,-0.023684
-0.28682,0.14953,-0.023745
-0.28745,0.15139,-0.021728
-0.28677,0.14814,-0.023911
-0.28676,0.14886,-0.023957
-0.28705,0.1498,-0.022567
-0.28676,0.14886,-0.023956
-0.28709,0.14971,-0.023419
-0.28738,0.1495,-0.023123
-0.28676,0.14887,-0.023957
-0.28676,0.14886,-0.023956
-0.28714,0.14926,-0.02322
-0.28504,0.14533,-0.027522
-0.28679,0.14906,-0.02389
-0.2874,0.15132,-0.021766
-0.28714,0.14954,-0.023118
-0.28697,0.1493,-0.023574
-0.28743,0.14957,-0.023084
-0.28606,0.14797,-0.02484
-0.28679,0.14933,-0.023812
-0.28711,0.14959,-0.02332
-0.28704,0.15032,-0.022484
-0.28676,0.14887,-0.023958
-0.28676,0.14886,-0.023956
-0.28732,0.1509,-0.021975
-0.28722,0.14977,-0.022213
-0.28368,0.14187,-0.029848
-0.28676,0.14886,-0.023956
-0.28692,0.1501,-0.022649
-0.285,0.14354,-0.02746
-0.28738,0.1495,-0.023123
-0.28735,0.15069,-0.022234
-0.28538,0.14544,-0.026639
-0.28679,0.14933,-0.023812
-0.28761,0.14901,-0.023055
-0.28729,0.15141,-0.022226
-0.28608,0.14764,-0.025363
-0.28669,0.14872,-0.024083
-0.28669,0.14872,-0.024083
-0.28679,0.14854,-0.023974
-0.28601,0.1477,-0.024998
-0.28676,0.14886,-0.023956
-0.28678,0.14873,-0.023984
-0.28747,0.14872,-0.023311
-0.28729,0.15141,-0.022226
-0.28714,0.14946,-0.023347
-0.28685,0.14996,-0.022776
-0.28686,0.14948,-0.023685
-0.28676,0.14886,-0.023956
-0.28688,0.15002,-0.023319
-0.28653,0.14816,-0.024415
-0.28676,0.14886,-0.023956
-0.28672,0.14891,-0.024017
-0.28719,0.14921,-0.023158
-0.28504,0.14533,-0.027522
-0.28676,0.14886,-0.023956
-0.28403,0.14229,-0.029396
-0.28739,0.15053,-0.021812
-0.28729,0.15141,-0.022226
-0.28695,0.14889,-0.023757
-0.28676,0.14887,-0.023957
-0.28681,0.14893,-0.023918
-0.28669,0.14872,-0.024083
-0.28729,0.15062,-0.022271
-0.28701,0.14985,-0.022512
-0.28504,0.14533,-0.027522
-0.28661,0.14857,-0.024211
-0.28676,0.14886,-0.023956
-0.28676,0.14887,-0.023958
-0.28628,0.14849,-0.024229
-0.28398,0.14181,-0.029531
-0.28668,0.14872,-0.024085
-0.2869,0.14924,-0.023472
-0.28745,0.15139,-0.021728
-0.28683,0.14901,-0.023828
-0.28669,0.14872,-0.024084
-0.28682,0.14953,-0.023745
-0.28736,0.15077,-0.022144
-0.28714,0.14954,-0.023118
-0.28735,0.15129,-0.02206
-0.28672,0.14839,-0.024099
-0.28701,0.14924,-0.023512
-0.28683,0.14947,-0.023553
-0.28601,0.1477,-0.024998
-0.28669,0.14872,-0.024083
-0.28686,0.14869,-0.023732
-0.28679,0.14933,-0.023813
-0.28761,0.14901,-0.023055
-0.28676,0.14886,-0.023956
-0.28686,0.14868,-0.02373
-0.28728,0.15063,-0.022129
-0.28676,0.14886,-0.023957
-0.2859,0.14609,-0.025832
-0.28687,0.14948,-0.023684
-0.28676,0.14886,-0.023956
-0.28398,0.14181,-0.029531
-0.28743,0.14957,-0.023084
-0.28702,0.14993,-0.02254
-0.28608,0.14805,-0.025107
-0.28676,0.14886,-0.023956
-0.28597,0.14776,-0.025059
-0.28668,0.14872,-0.024085
-0.28677,0.14814,-0.023911
-0.28704,0.15032,-0.022484
-0.28704,0.14944,-0.023447
-0.28679,0.14862,-0.023744
-0.28676,0.14886,-0.023956
-0.28676,0.14886,-0.023956
-0.28676,0.14886,-0.023956
-0.28713,0.14998,-0.023264
-0.28713,0.14965,-0.023357
-0.28657,0.1481,-0.024354
-0.28687,0.14947,-0.023684
-0.28678,0.14873,-0.023984
-0.28676,0.14887,-0.023958
-0.28676,0.14886,-0.023956
-0.28676,0.14886,-0.023956
-0.28672,0.14839,-0.024099
-0.2869,0.14915,-0.023701
-0.28687,0.14947,-0.023684
-0.28368,0.14187,-0.029848
-0.28665,0.14905,-0.024069
-0.28676,0.14886,-0.023956
-0.28713,0.15054,-0.022267
-0.28701,0.14977,-0.023429
-0.28729,0.1515,-0.021993
-0.28708,0.14947,-0.023156
-0.28693,0.14883,-0.023718
-0.28716,0.14895,-0.023098
-0.28672,0.14891,-0.024017
-0.28676,0.14887,-0.023957
-0.28657,0.14811,-0.024356
-0.28664,0.14877,-0.024145
-0.28726,0.1515,-0.022434
-0.28683,0.14901,-0.023828
-0.2869,0.14872,-0.023555
-0.28704,0.14944,-0.023447
-0.28669,0.14872,-0.024084
-0.28718,0.14867,-0.023612
-0.28732,0.1509,-0.021975
-0.28676,0.14886,-0.023956
-0.28714,0.14893,-0.023557
-0.28732,0.1509,-0.021975
-0.28722,0.1502,-0.023047
-0.28686,0.14869,-0.023732
-0.2874,0.1491,-0.023229
-0.28686,0.14869,-0.023732
-0.28699,0.15063,-0.023047
-0.28683,0.14901,-0.02383
-0.28668,0.14924,-0.024001
-0.28683,0.14901,-0.023829
-0.28597,0.14776,-0.025059
-0.28683,0.14901,-0.023828
-0.28657,0.14811,-0.024356
-0.28719,0.14921,-0.023158
-0.28739,0.15152,-0.021893
-0.28719,0.14921,-0.023158
-0.28709,0.15007,-0.022295
-0.28732,0.1509,-0.021975
-0.28672,0.14839,-0.024099
-0.28697,0.1493,-0.023574
-0.28504,0.14533,-0.027522
-0.28708,0.14947,-0.023156
-0.28664,0.14877,-0.024145
-0.28755,0.15121,-0.0215
-0.28695,0.14889,-0.023757
-0.2869,0.14915,-0.023701
-0.28693,0.14883,-0.023718
-0.2874,0.15112,-0.021638
-0.28676,0.14895,-0.023727
-0.28739,0.15143,-0.022126
-0.28672,0.14839,-0.024099
-0.28729,0.15071,-0.02204
-0.28688,0.1501,-0.023089
-0.28676,0.14886,-0.023956
-0.28735,0.15137,-0.021828
-0.28676,0.14887,-0.023958
-0.28676,0.14886,-0.023956
-0.28713,0.14965,-0.023357
-0.28676,0.14886,-0.023956
-0.28682,0.14953,-0.023745
-0.28704,0.14944,-0.023331
-0.28703,0.1502,-0.02246
-0.28657,0.14811,-0.024356
-0.28716,0.15013,-0.022398
-0.28669,0.14872,-0.024083
-0.28683,0.14901,-0.023828
-0.28672,0.14891,-0.024017
-0.28676,0.14886,-0.023956
-0.28686,0.14948,-0.023685
-0.28688,0.15002,-0.023319
-0.28676,0.14886,-0.023956
-0.28398,0.14181,-0.029531
-0.28672,0.14839,-0.024099
-0.28676,0.14886,-0.023956
-0.28676,0.14886,-0.023956
-0.28687,0.14948,-0.023684
-0.28679,0.14906,-0.02389
-0.28686,0.14869,-0.023732
-0.28756,0.14894,-0.023093
-0.28739,0.15143,-0.022126
-0.285,0.14354,-0.02746
-0.28719,0.15168,-0.022221
-0.28676,0.14886,-0.023957
-0.2869,0.14915,-0.023701
-0.28729,0.1515,-0.021993
-0.28676,0.14886,-0.023956
-0.28672,0.14839,-0.024099
-0.28672,0.14891,-0.024017
-0.28676,0.14886,-0.023957
-0.28669,0.14872,-0.024083
-0.28669,0.14872,-0.024084
-0.287,0.14917,-0.023602
-0.28761,0.14901,-0.023055
-0.28657,0.14811,-0.024356
-0.28676,0.14886,-0.023956
-0.28668,0.14872,-0.024085
-0.28676,0.14886,-0.023956
-0.28701,0.14977,-0.023429
-0.28368,0.14187,-0.029848
-0.28699,0.15063,-0.023047
-0.28728,0.15161,-0.022353
-0.28682,0.14953,-0.023745
-0.28676,0.14886,-0.023956
-0.28713,0.14965,-0.023357
-0.28704,0.14944,-0.023447
-0.28669,0.14872,-0.024083
-0.28676,0.14886,-0.023957
-0.28676,0.14886,-0.023957
-0.28679,0.14933,-0.023812
-0.28677,0.14814,-0.023911
-0.28739,0.15152,-0.021893
-0.28676,0.14886,-0.023956
-0.28709,0.15007,-0.022295
-0.28693,0.14883,-0.023603
-0.28703,0.1502,-0.02246
-0.28676,0.14886,-0.023956
-0.28403,0.14229,-0.029396
-0.28664,0.14877,-0.024145
-0.28683,0.14901,-0.023828
-0.28705,0.14924,-0.023564
-0.28676,0.14886,-0.023956
-0.28676,0.14886,-0.023957
-0.28713,0.14998,-0.023264
-0.28672,0.14891,-0.024017
-0.28712,0.14986,-0.02324
-0.28704,0.14944,-0.023331
-0.28703,0.14945,-0.023307
-0.28686,0.14948,-0.023685
-0.28686,0.14869,-0.023732
-0.28713,0.14965,-0.023357
-0.28713,0.15054,-0.022267
-0.28701,0.14924,-0.023512
-0.28668,0.14924,-0.024001
-0.28686,0.14869,-0.023732
-0.28688,0.14931,-0.023135
-0.28676,0.14886,-0.023956
-0.28737,0.14891,-0.023295
-0.28739,0.15143,-0.022126
-0.28683,0.14901,-0.023829
-0.28735,0.15148,-0.022188
-0.28657,0.1481,-0.024355
-0.28676,0.14886,-0.023957
-0.28672,0.14839,-0.024099
-0.28709,0.15007,-0.022295
-0.28683,0.14901,-0.023829
-0.28676,0.14886,-0.023956
-0.28714,0.14893,-0.023557
-0.28683,0.14901,-0.023828
-0.28714,0.14946,-0.023347
-0.2869,0.14872,-0.023555
-0.28709,0.15007,-0.022295
-0.28677,0.14814,-0.023911
-0.28722,0.1502,-0.023047
-0.28729,0.15071,-0.02204
-0.28714,0.14946,-0.023347
-0.28672,0.14891,-0.024017
-0.28676,0.14886,-0.023956
-0.28676,0.14886,-0.023956
-0.28601,0.1477,-0.024998
-0.28708,0.14947,-0.023156
-0.28714,0.14893,-0.023557
-0.2869,0.14915,-0.023701
-0.28687,0.14948,-0.023684
-0.28722,0.1502,-0.023047
-0.28729,0.1515,-0.021993
-0.28697,0.1493,-0.023574
-0.28672,0.14891,-0.024017
-0.28399,0.14191,-0.029313
-0.28718,0.14867,-0.023612
-0.28735,0.15148,-0.022188
-0.28701,0.14924,-0.023512
-0.28699,0.15025,-0.022522
-0.2869,0.14915,-0.023701
-0.28398,0.14181,-0.029531
-0.28676,0.14886,-0.023957
-0.28687,0.14947,-0.023684
-0.28669,0.14872,-0.024083
-0.28755,0.15121,-0.0215
-0.28714,0.14893,-0.023557
-0.28729,0.1515,-0.021993
-0.28672,0.14891,-0.024017
-0.28676,0.14886,-0.023956
-0.28672,0.14919,-0.023939
-0.2874,0.15132,-0.021766
-0.28676,0.14895,-0.023728
-0.28657,0.14811,-0.024356
-0.28676,0.14887,-0.023957
-0.28714,0.14893,-0.023557
-0.28676,0.14886,-0.023956
-0.28683,0.14901,-0.023828
-0.28676,0.14887,-0.023957
-0.28638,0.14689,-0.025143
-0.28739,0.15152,-0.021893
-0.28676,0.14886,-0.023957
-0.28711,0.14959,-0.02332
-0.28676,0.14887,-0.023957
-0.28681,0.14893,-0.023918
-0.28713,0.15054,-0.022267
-0.28669,0.14872,-0.024083
-0.28704,0.14953,-0.023218
-0.28733,0.14896,-0.023357
-0.2874,0.15132,-0.021766
-0.28729,0.1515,-0.021993
-0.2859,0.14609,-0.025832
-0.28736,0.15077,-0.022144
-0.28736,0.15077,-0.022144
-0.28726,0.15103,-0.022021
-0.28735,0.15148,-0.022188
-0.28687,0.14956,-0.023455
-0.28676,0.14886,-0.023956
-0.28676,0.14886,-0.023956
-0.28676,0.14886,-0.023956
-0.28679,0.14933,-0.023812
-0.28668,0.14872,-0.024085
-0.28676,0.14886,-0.023956
-0.28638,0.14689,-0.025143
-0.28676,0.14887,-0.023958
-0.28692,0.1501,-0.022649
-0.28676,0.14886,-0.023956
-0.28699,0.15025,-0.022522
-0.28709,0.15007,-0.022295
-0.28676,0.14886,-0.023957
-0.28672,0.14919,-0.023939
-0.28672,0.14839,-0.024099
-0.28726,0.1515,-0.022434
-0.28729,0.1515,-0.021993
-0.28688,0.1501,-0.023089
-0.28676,0.14886,-0.023956
-0.28683,0.14901,-0.023829
-0.28676,0.14886,-0.023956
-0.28702,0.14904,-0.023629
-0.28693,0.14883,-0.023603
-0.28481,0.14543,-0.027681
-0.28669,0.14872,-0.024084
-0.28687,0.14947,-0.023684
-0.2869,0.14915,-0.023701
-0.28676,0.14887,-0.023958
-0.28701,0.14985,-0.022629
-0.28698,0.14909,-0.023691
-0.22285,0.15271,0.053534
-0.22294,0.15359,0.054007
-0.22271,0.15392,0.054007
-0.22294,0.15304,0.053319
-0.21924,0.13803,0.043289
-0.21968,0.13974,0.0448
-0.21879,0.13917,0.042384
-0.22261,0.1541,0.054391
-0.21941,0.13863,0.043531
-0.22293,0.15302,0.053938
-0.22289,0.15341,0.053689
-0.21892,0.13831,0.043103
-0.21917,0.13916,0.043543
-0.22285,0.15271,0.053534
-0.22288,0.15317,0.053748
-0.22296,0.15373,0.054093
-0.2192,0.1379,0.043192
-0.22294,0.15359,0.054007
-0.21929,0.13815,0.043386
-0.22294,0.15359,0.054007
-0.22298,0.15362,0.054239
-0.22286,0.15304,0.053661
-0.22297,0.15404,0.054222
-0.22271,0.15392,0.054007
-0.22294,0.15359,0.054007
-0.22285,0.15271,0.053534
-0.22298,0.15331,0.053492
-0.22287,0.15285,0.05362
-0.22296,0.15415,0.054077
-0.22272,0.15416,0.053948
-0.22292,0.15345,0.053921
-0.22294,0.15359,0.054007
-0.22281,0.15276,0.053487
-0.22272,0.15416,0.053948
-0.21956,0.1388,0.04381
-0.21941,0.13958,0.044016
-0.22301,0.154,0.054266
-0.22294,0.15359,0.054007
-0.21882,0.13844,0.042858
-0.21882,0.13842,0.042279
-0.21915,0.13876,0.043147
-0.22286,0.15304,0.053661
-0.22267,0.15294,0.052871
-0.21942,0.13992,0.044918
-0.22299,0.15321,0.053637
-0.22264,0.15354,0.053513
-0.21951,0.13878,0.043871
-0.21945,0.13971,0.044112
-0.22294,0.15359,0.054007
-0.22296,0.15373,0.054093
-0.21884,0.13877,0.042666
-0.22296,0.15373,0.054093
-0.21588,0.14198,0.061664
-0.21939,0.14005,0.045352
-0.22289,0.15299,0.053707
-0.22285,0.15271,0.053534
-0.22301,0.154,0.054266
-0.22297,0.15365,0.053906
-0.22285,0.15271,0.053534
-0.22274,0.1543,0.054034
-0.21904,0.13816,0.042567
-0.22265,0.15375,0.05369
-0.22297,0.15397,0.054034
-0.22267,0.15364,0.053835
-0.22294,0.15359,0.054007
-0.21964,0.13949,0.044759
-0.21946,0.14005,0.045015
-0.21946,0.14005,0.045015
-0.22298,0.15362,0.054239
-0.21963,0.1388,0.043473
-0.2192,0.13773,0.043047
-0.22269,0.15378,0.053921
-0.21913,0.13798,0.043103
-0.22292,0.1529,0.053232
-0.22296,0.15373,0.054093
-0.22261,0.15402,0.054204
-0.22273,0.15406,0.054094
-0.2194,0.13969,0.044174
-0.22267,0.15364,0.053835
-0.2229,0.15331,0.053834
-0.21882,0.13842,0.042279
-0.22281,0.15244,0.05336
-0.22297,0.15404,0.054222
-0.22294,0.15359,0.054007
-0.22298,0.15362,0.054239
-0.22281,0.15244,0.05336
-0.21956,0.1388,0.04381
-0.21893,0.13909,0.043148
-0.22028,0.13656,0.045248
-0.22301,0.154,0.054266
-0.21942,0.13992,0.044918
-0.22273,0.15354,0.053171
-0.22288,0.15317,0.053748
-0.22296,0.15373,0.054093
-0.22298,0.15362,0.054239
-0.22286,0.15304,0.053661
-0.22298,0.15362,0.054239
-0.21945,0.13875,0.043628
-0.219,0.13795,0.042894
-0.22289,0.15405,0.054564
-0.21964,0.1387,0.043619
-0.22286,0.15304,0.053661
-0.22286,0.15304,0.053661
-0.21861,0.13875,0.04228
-0.22035,0.13701,0.045451
-0.2189,0.13779,0.042274
-0.22273,0.15406,0.054094
-0.22294,0.15304,0.053319
-0.22286,0.15304,0.053661
-0.22289,0.15349,0.053875
-0.22294,0.15359,0.054007
-0.21867,0.13817,0.042419
-0.22283,0.15258,0.053447
-0.22284,0.1529,0.053574
-0.21947,0.1366,0.042591
-0.22278,0.15465,0.054395
-0.22296,0.15373,0.054093
-0.21876,0.13842,0.042615
-0.22295,0.15348,0.054152
-0.22292,0.154,0.054608
-0.22294,0.15359,0.054007
-0.21584,0.14182,0.061316
-0.21954,0.13855,0.04328
-0.22286,0.15304,0.053661
-0.22301,0.15432,0.054394
-0.21882,0.13842,0.042279
-0.22286,0.15304,0.053661
-0.22303,0.15446,0.054481
-0.21914,0.13734,0.043133
-0.22296,0.15373,0.054093
-0.22264,0.15354,0.053513
-0.21912,0.13851,0.042618
-0.22292,0.15345,0.053921
-0.22297,0.15397,0.054034
-0.22289,0.15299,0.053707
-0.22298,0.15362,0.054239
-0.21956,0.1388,0.04381
-0.21934,0.13923,0.043969
-0.21876,0.13842,0.042615
-0.2188,0.13854,0.042712
-0.22272,0.15448,0.054077
-0.21881,0.13942,0.042916
-0.22294,0.15359,0.054007
-0.21919,0.13889,0.043245
-0.22292,0.15345,0.053921
-0.22298,0.15362,0.054239
-0.21987,0.13916,0.04427
-0.22284,0.1529,0.053574
-0.22273,0.15406,0.054094
-0.22273,0.15383,0.053534
-0.22284,0.1529,0.053574
-0.22298,0.15429,0.054163
-0.22277,0.15434,0.054266
-0.2229,0.15331,0.053834
-0.22271,0.15392,0.054007
-0.22276,0.15444,0.05412
-0.22295,0.15391,0.054135
-0.21947,0.13863,0.043195
-0.21941,0.13958,0.044016
-0.22265,0.15438,0.054564
-0.22285,0.15271,0.053534
-0.21945,0.13875,0.043628
-0.22298,0.15386,0.054179
-0.21878,0.13829,0.042182
-0.22294,0.15359,0.054007
-0.22273,0.15354,0.053171
-0.21968,0.13974,0.0448
-0.22296,0.15341,0.053965
-0.22294,0.15359,0.054007
-0.22273,0.15406,0.054094
-0.22278,0.15368,0.052856
-0.22273,0.15406,0.054094
-0.21928,0.13921,0.043726
-0.22296,0.15373,0.054093
-0.21895,0.13791,0.042371
-0.22271,0.15392,0.054007
-0.21957,0.14019,0.044561
-0.21941,0.13817,0.04299
-0.22284,0.1529,0.053574
-0.22264,0.15354,0.053513
-0.21946,0.14005,0.045015
-0.22288,0.15317,0.053748
-0.22323,0.15287,0.053637
-0.21958,0.13867,0.043377
-0.22296,0.15373,0.054093
-0.22294,0.15304,0.053319
-0.21943,0.1385,0.043098
-0.21919,0.13949,0.043651
-0.2229,0.15308,0.053273
-0.21918,0.13809,0.042622
-0.22298,0.15362,0.054239
-0.22284,0.15282,0.053389
-0.22288,0.15317,0.053748
-0.21901,0.14025,0.043416
-0.21904,0.13816,0.042567
-0.223,0.15408,0.054454
-0.22298,0.15362,0.054239
-0.22281,0.15244,0.05336
-0.22296,0.15373,0.054093
-0.21962,0.13936,0.044173
-0.22267,0.15396,0.053963
-0.22285,0.15271,0.053534
-0.21915,0.13876,0.043147
-0.22273,0.15406,0.054094
-0.21928,0.13921,0.043726
-0.22301,0.154,0.054266
-0.2192,0.1379,0.043192
-0.2229,0.15331,0.053834
-0.21936,0.13938,0.04434
-0.21943,0.1385,0.043098
-0.22298,0.15362,0.054239
-0.22285,0.15271,0.053534
-0.22301,0.154,0.054266
-0.22298,0.15362,0.054239
-0.21935,0.13921,0.043389
-0.21854,0.13874,0.042615
-0.21915,0.13778,0.043094
-0.22285,0.15271,0.053534
-0.22284,0.15282,0.053389
-0.22276,0.15452,0.054309
-0.21954,0.13855,0.04328
-0.22261,0.1541,0.054391
-0.22277,0.15271,0.053876
-0.22294,0.15359,0.054007
-0.22301,0.154,0.054266
-0.22283,0.15258,0.053447
-0.21927,0.13885,0.043039
-0.21936,0.13938,0.04434
-0.22298,0.15394,0.054367
-0.22286,0.15304,0.053661
-0.22291,0.15313,0.053793
-0.2227,0.15402,0.053862
-0.22297,0.15404,0.054222
-0.22295,0.15348,0.054152
-0.22298,0.15386,0.054179
-0.21944,0.13878,0.044208
-0.22284,0.15345,0.054263
-0.22267,0.15364,0.053835
-0.21963,0.13959,0.044918
-0.22283,0.15258,0.053447
-0.21955,0.1389,0.043968
-0.21861,0.13859,0.042416
-0.22274,0.15462,0.054163
-0.21943,0.13938,0.044003
-0.21943,0.13982,0.04476
-0.21935,0.13913,0.043811
-0.22285,0.15271,0.053534
-0.22286,0.15304,0.053661
-0.21941,0.13958,0.044016
-0.22286,0.15304,0.053661
-0.22296,0.15373,0.054093
-0.22298,0.15394,0.054367
-0.21876,0.13842,0.042615
-0.22294,0.15359,0.054007
-0.22296,0.15373,0.054093
-0.22296,0.15373,0.054093
-0.21864,0.13899,0.042811
-0.21957,0.1387,0.043956
-0.22271,0.15364,0.053026
-0.22267,0.15364,0.053835
-0.22272,0.15416,0.053948
-0.21976,0.14001,0.044779
-0.22267,0.15364,0.053835
-0.2189,0.13779,0.042274
-0.22298,0.15362,0.054239
-0.22267,0.15364,0.053835
-0.21956,0.1388,0.04381
-0.21942,0.13807,0.043136
-0.21876,0.13842,0.042615
-0.22296,0.15373,0.054093
-0.22294,0.15359,0.054007
-0.22263,0.15369,0.053789
-0.2229,0.15331,0.053834
-0.22294,0.15359,0.054007
-0.22273,0.15354,0.053171
-0.22283,0.15258,0.053447
-0.22297,0.15404,0.054222
-0.22267,0.15364,0.053835
-0.22292,0.15345,0.053921
-0.2191,0.13881,0.043494
-0.22292,0.154,0.054608
-0.22294,0.15359,0.054007
-0.22301,0.15432,0.054394
-0.22293,0.15369,0.053862
-0.22289,0.15299,0.053707
-0.22287,0.15391,0.054478
-0.21943,0.1385,0.043098
-0.22289,0.15299,0.053707
-0.22294,0.15359,0.054007
-0.22295,0.15348,0.054152
-0.21976,0.13903,0.04451
-0.21932,0.13925,0.044244
-0.2229,0.15331,0.053834
-0.22273,0.15354,0.053171
-0.22285,0.15271,0.053534
-0.21966,0.13982,0.044869
-0.22267,0.15364,0.053835
-0.22301,0.154,0.054266
-0.21878,0.13829,0.042182
-0.21946,0.14005,0.045015
-0.22264,0.15406,0.054435
-0.2204,0.13431,0.043863
-0.22271,0.15354,0.053579
-0.22286,0.15304,0.053661
-0.22286,0.15304,0.053661
-0.22286,0.15304,0.053661
-0.2229,0.15331,0.053834
-0.22285,0.15271,0.053534
-0.22294,0.15359,0.054007
-0.21894,0.13819,0.042669
-0.22271,0.15392,0.054007
-0.21955,0.1389,0.043968
-0.22299,0.1541,0.05412
-0.22302,0.15456,0.054335
-0.22264,0.15351,0.053748
-0.21539,0.14263,0.063257
-0.22286,0.15304,0.053661
-0.22272,0.15416,0.053948
-0.21958,0.13867,0.043377
-0.22294,0.15359,0.054007
-0.21943,0.1385,0.043098
-0.21871,0.13829,0.042517
-0.22293,0.15327,0.053879
-0.22284,0.15282,0.053389
-0.21864,0.13899,0.042811
-0.22294,0.15359,0.054007
-0.21954,0.13855,0.04328
-0.22285,0.15271,0.053534
-0.22292,0.15337,0.053734
-0.21912,0.13851,0.042618
-0.21854,0.13874,0.042615
-0.22296,0.15373,0.054093
-0.22296,0.15317,0.053406
-0.22298,0.15362,0.054239
-0.22283,0.15258,0.053447
-0.21914,0.13734,0.043133
-0.2227,0.15402,0.053862
-0.22294,0.15359,0.054007
-0.22274,0.1543,0.054034
-0.22298,0.15362,0.054239
-0.21977,0.13991,0.044926
-0.2229,0.15331,0.053834
-0.22294,0.15359,0.054007
-0.22296,0.15373,0.054093
-0.21895,0.13791,0.042371
-0.22296,0.15373,0.054093
-0.22296,0.15373,0.054093
-0.21942,0.13807,0.043136
-0.22296,0.15373,0.054093
-0.21962,0.13936,0.044173
-0.21882,0.13842,0.042279
-0.22286,0.15304,0.053661
-0.22293,0.15369,0.053862
-0.22298,0.15362,0.054239
-0.22298,0.15362,0.054239
-0.2227,0.15402,0.053862
-0.21915,0.13778,0.043094
-0.22278,0.15465,0.054395
-0.21958,0.13867,0.043377
-0.22294,0.15359,0.054007
-0.22286,0.15304,0.053661
-0.22286,0.15304,0.053661
-0.21868,0.13905,0.042622
-0.22296,0.15373,0.054093
-0.22294,0.15359,0.054007
-0.22273,0.15386,0.053298
-0.22286,0.15304,0.053661
-0.22288,0.15317,0.053748
-0.22288,0.15317,0.053748
-0.22285,0.15271,0.053534
-0.21955,0.1389,0.043968
-0.2188,0.13854,0.042713
-0.22286,0.15304,0.053661
-0.22298,0.15362,0.054239
-0.22285,0.15271,0.053534
-0.22293,0.15335,0.054066
-0.21876,0.13842,0.042615
-0.22288,0.15317,0.053748
-0.21936,0.1385,0.043434
-0.22272,0.15416,0.053948
-0.21958,0.13913,0.043919
-0.2192,0.1379,0.043192
-0.22286,0.15304,0.053661
